desc_va	opcode	format	handler	cycles	flags	mnemonic
005735e0	080	1	4c2490	4	c	ldob
00573604	082	1	4c2100	2	c	stob
00573628	084	1	4c13e0	3	8	bx
0057364c	085	1	4c1290	5	c	balx
00573670	086	1	4c14c0	14	8	callx
00573694	088	1	4c23f0	4	c	ldos
005736b8	08a	1	4c2080	2	c	stos
005736dc	08c	1	4c1d40	1	c	lda
00573700	090	1	4c2360	4	c	ld
00573724	092	1	4c2140	2	c	st
00573748	098	1	4c22e0	5	c	ldl
0057376c	09a	1	4c1fc0	3	c	stl
00573790	0a0	1	4c2240	6	c	ldt
005737b4	0a2	1	4c1f10	4	c	stt
005737d8	0b0	1	4c2180	7	c	ldq
005737fc	0b2	1	4c1e40	5	c	stq
00573820	0c0	1	4c2440	4	c	ldib
00573844	0c2	1	4c20c0	2	c	stib
00573868	0c8	1	4c23a0	4	c	ldis
0057388c	0ca	1	4c2040	2	c	stis
005738b0	580	0	4c1d20	2	7	notbit
005738d4	583	0	4c1d00	2	7	setbit
005738f8	58c	0	4c1cd0	2	7	clrbit
0057391c	581	0	4c1a00	1	7	and
00573940	582	0	4c1960	1	7	andnot
00573964	584	0	4c1940	1	7	notand
00573988	586	0	4c1920	1	7	xor
005739ac	587	0	4c19e0	1	7	or
005739d0	589	0	4c1900	1	7	xnor
005739f4	58b	0	4c19c0	1	7	ornot
00573a18	58d	0	4c19a0	1	7	notor
00573a3c	58f	0	4c1c90	2	7	alterbit
00573a60	58a	0	4c1980	1	5	not
00573a84	590	0	4c1c20	1	7	addo
00573aa8	591	0	4c1c40	1	7	addi
00573acc	592	0	4c1c00	1	7	subo
00573af0	593	0	4c1be0	1	7	subi
00573b14	598	0	4c09d0	1	7	shro
00573b38	59a	0	4c0990	1	7	shrdi
00573b5c	59b	0	4c09f0	1	7	shri
00573b80	59c	0	4c0a10	1	7	shlo
00573ba4	59d	0	4c0970	1	7	rotate
00573bc8	59e	0	4c0a30	1	7	shli
00573bec	5a0	0	4c1240	1	3	cmpo
00573c10	5a1	0	4c11f0	1	3	cmpi
00573c34	5a2	0	4c1190	1	3	concmpo
00573c58	5a3	0	4c11c0	1	3	concmpi
00573c7c	5a4	0	4c1130	2	7	cmpinco
00573ca0	5a5	0	4c1070	2	7	cmpinci
00573cc4	5a6	0	4c10d0	2	7	cmpdeco
00573ce8	5a7	0	4c1010	2	7	cmpdeci
00573d0c	5ae	0	4c1c60	2	3	chkbit
00573d30	5b0	0	4c1b50	1	7	addc
00573d54	5b2	0	4c1ae0	1	7	subc
00573d78	5cc	0	4c1e30	1	5	mov
00573d9c	644	0	4c1e00	1	5	dmovt
00573dc0	5dc	0	4c1dd0	2	15	movl
00573de4	5ec	0	4c1da0	3	15	movt
00573e08	5fc	0	4c1d60	4	15	movq
00573e2c	600	0	4c16f0	6	3	synmov
00573e50	602	0	4c3350	12	3	synmovq
00573e74	640	0	4c08b0	11	5	spanbit
00573e98	641	0	4c0910	11	5	scanbit
00573ebc	645	0	4c3520	10	7	modac
00573ee0	655	0	4c18d0	10	7	modpc
00573f04	66d	0	4c1410	24	0	flushreg
00573f28	671	0	4c1790	40	27	ediv
00573f4c	674	0	4c2cc0	30	5	cvtir
00573f70	675	0	4c2ca0	30	5	cvtilr
00573f94	680	0	4c3b70	267	7	atanr
00573fb8	685	0	4c2fd0	10	3	cmpr
00573fdc	688	0	4c3d80	104	5	sqrtr
00574000	698	0	4c3d40	104	5	sqrtrl
00574024	68a	0	4c3f10	37	5	logbnr
00574048	681	0	4c3eb0	37	7	logepr
0057406c	691	0	4c3e60	37	7	logeprl
00574090	682	0	4c3e00	37	7	logr
005740b4	692	0	4c3dc0	37	7	logrl
005740d8	695	0	4c2f30	12	3	cmprl
005740fc	6c0	0	4c3f60	30	5	cvtri
00574120	6c2	0	4c2c40	43	5	cvtzri
00574144	6c3	0	4c2c00	44	5	cvtzril
00574168	6c9	0	4c2bc0	5	5	movr
0057418c	6d9	0	4c2b90	6	5	movrl
005741b0	6e1	0	4c0850	7	5	movre
005741d4	701	0	4c18b0	18	7	mulo
005741f8	708	0	4c1800	37	7	remo
0057421c	70b	0	4c1840	37	7	divo
00574240	741	0	4c1890	18	7	muli
00574264	748	0	4c1820	37	7	remi
00574288	749	0	4c17d0	37	7	modi
005742ac	74b	0	4c1870	37	7	divi
005742d0	78b	0	4c2d30	35	7	divr
005742f4	683	0	4c4050	35	7	remr
00574318	78c	0	4c2dc0	18	7	mulr
0057433c	78d	0	4c2e50	10	7	subr
00574360	79d	0	4c2e10	10	7	subrl
00574384	78f	0	4c2ee0	10	7	addr
005743a8	79b	0	4c2cf0	77	7	divrl
005743cc	79c	0	4c2d80	36	7	mulrl
005743f0	79f	0	4c2ea0	13	7	addrl
00574414	693	0	4c4000	77	7	remrl
00574438	008	3	4c1400	1	8	b
0057445c	009	3	4c15e0	14	8	call
00574480	00a	3	4c3080	12	0	ret
005744a4	00b	3	4c12c0	5	8	bal
005744c8	010	3	4c12e0	1	8	bno
005744ec	017	3	4c1300	1	8	bo
00574510	011	3	4c1360	1	8	bg
00574534	012	3	4c13c0	1	8	be
00574558	013	3	4c1340	1	8	bge
0057457c	014	3	4c1380	1	8	bl
005745a0	015	3	4c13a0	1	8	bne
005745c4	016	3	4c1320	1	8	ble
005745e8	020	2	4c1a20	3	11	testno
0057460c	021	2	4c1a40	3	11	testg
00574630	022	2	4c1ac0	3	11	teste
00574654	024	2	4c1a80	3	11	testl
00574678	025	2	4c1aa0	3	11	testne
0057469c	026	2	4c1a60	3	11	testle
005746c0	030	2	4c0a50	4	b	bbc
005746e4	031	2	4c0d70	4	b	cmpobg
00574708	032	2	4c0fa0	4	b	cmpobe
0057472c	033	2	4c0ec0	4	b	cmpobge
00574750	034	2	4c0e50	4	b	cmpobl
00574774	035	2	4c0f30	4	b	cmpobne
00574798	036	2	4c0de0	4	b	cmpoble
005747bc	037	2	4c0a90	4	b	bbs
005747e0	039	2	4c0d00	4	b	cmpibg
00574804	03a	2	4c0c20	4	b	cmpibe
00574828	03b	2	4c0c90	4	b	cmpibge
0057484c	03c	2	4c0b40	4	b	cmpibl
00574870	03d	2	4c0bb0	4	b	cmpibne
00574894	03e	2	4c0ad0	4	b	cmpible
005748b8	68b	0	4c3a80	30	5	roundr
005748dc	69b	0	4c39d0	30	5	roundrl
00574900	689	0	4c3970	104	5	expr
00574924	699	0	4c3930	104	5	exprl
00574948	677	0	4c38d0	37	7	scaler
0057496c	676	0	4c3880	37	7	scalerl
00574990	023	2	4c0830	3	11	testge
005749b4	670	0	4c0810	18	7	emul
005749d8	6e2	0	4c3840	18	7	cpysre
005749fc	6e3	0	4c3800	18	7	cpyrsre
00574a20	58e	0	4c07f0	1	7	nand
00574a44	588	0	4c07d0	1	7	nor
00574a68	690	0	4c3b30	267	7	atanrl
00574a8c	68e	0	4c3d00	100	5	tanr
00574ab0	69e	0	4c3cc0	100	5	tanrl
00574ad4	68d	0	4c3c80	100	5	cosr
00574af8	69d	0	4c3c40	100	5	cosrl
00574b1c	68c	0	4c3c00	100	5	sinr
00574b40	69c	0	4c3bc0	100	5	sinrl
