address	name	size	thunk	library_guess
00401010	FUN_00401010	36	false	
00401040	FUN_00401040	1	false	
00401050	FUN_00401050	122	false	
004010f0	FUN_004010f0	3	false	
00401100	FUN_00401100	3	false	
00401110	FUN_00401110	17	false	
00401130	FUN_00401130	3	false	
00401180	FUN_00401180	132	false	
00401210	FUN_00401210	71	false	
00401260	FUN_00401260	211	false	
00401340	FUN_00401340	35	false	
00401370	FUN_00401370	114	false	
004013f0	FUN_004013f0	113	false	
00401470	FUN_00401470	11	false	
00401480	FUN_00401480	139	false	
00401510	FUN_00401510	164	false	
004015c0	FUN_004015c0	75	false	
00401610	FUN_00401610	621	false	
00401890	FUN_00401890	73	false	
004018e0	FUN_004018e0	53	false	
00401920	FUN_00401920	76	false	
00401970	FUN_00401970	80	false	
004019c0	FUN_004019c0	28	false	
004019e0	FUN_004019e0	309	false	
00401b20	FUN_00401b20	200	false	
00401bf0	FUN_00401bf0	457	false	
00401dc0	FUN_00401dc0	83	false	
00401e20	FUN_00401e20	101	false	
00401e90	FUN_00401e90	90	false	
00401ef0	FUN_00401ef0	88	false	
00401f50	FUN_00401f50	100	false	
00401fc0	FUN_00401fc0	400	false	
00402240	FUN_00402240	31	false	
00402260	FUN_00402260	103	false	
004022d0	FUN_004022d0	204	false	
004023a0	FUN_004023a0	162	false	
0040241e	Catch_All@0040241e	21	false	
00402460	FUN_00402460	152	false	
004024d0	Catch_All@004024d0	21	false	
00402510	FUN_00402510	149	false	
004025b0	FUN_004025b0	68	false	
00402600	FUN_00402600	112	false	
00402670	FUN_00402670	167	false	
00402717	Catch_All@00402717	30	false	
0040273b	FUN_0040273b	94	false	
00402799	Catch_All@00402799	46	false	
004027d0	FUN_004027d0	75	false	
00402820	FUN_00402820	156	false	
00402898	Catch_All@00402898	21	false	
004028e0	FUN_004028e0	155	false	
00402980	FUN_00402980	152	false	
004029f4	Catch_All@004029f4	18	false	
00402a30	FUN_00402a30	139	false	
00402aa8	Catch_All@00402aa8	42	false	
00402af0	FUN_00402af0	95	false	
00402b50	FUN_00402b50	61	false	
00402b90	FUN_00402b90	96	false	
00402c00	FUN_00402c00	143	false	
00402c90	FUN_00402c90	2562	false	
004036a0	FUN_004036a0	2562	false	
004040b0	FUN_004040b0	2539	false	
00404aa0	FUN_00404aa0	2562	false	
004054b0	FUN_004054b0	2773	false	
00405f90	FUN_00405f90	2442	false	
00406920	FUN_00406920	2442	false	
004072b0	FUN_004072b0	2515	false	
00407c90	FUN_00407c90	2846	false	
004087b0	FUN_004087b0	2796	false	
004092a0	FUN_004092a0	3368	false	
00409fd0	FUN_00409fd0	3286	false	
0040acb0	FUN_0040acb0	2193	false	
0040b550	FUN_0040b550	2441	false	
0040bee0	FUN_0040bee0	2300	false	
0040c7e0	FUN_0040c7e0	2562	false	
0040d1f0	FUN_0040d1f0	2110	false	
0040da30	FUN_0040da30	2887	false	
0040e580	FUN_0040e580	1178	false	
0040ea20	FUN_0040ea20	2731	false	
0040f4d0	FUN_0040f4d0	1298	false	
0040f9f0	FUN_0040f9f0	2297	false	
004102f0	FUN_004102f0	2297	false	
00410bf0	FUN_00410bf0	3186	false	
00411870	FUN_00411870	3186	false	
004124f0	FUN_004124f0	2803	false	
00412ff0	FUN_00412ff0	4890	false	
00414310	FUN_00414310	4897	false	
00415640	FUN_00415640	3946	false	
004165b0	FUN_004165b0	3901	false	
004174f0	FUN_004174f0	3946	false	
00418460	FUN_00418460	4492	false	
004195f0	FUN_004195f0	4515	false	
0041a7a0	FUN_0041a7a0	3087	false	
0041b3c0	FUN_0041b3c0	5577	false	
0041c990	FUN_0041c990	5588	false	
0041df70	FUN_0041df70	5588	false	
0041f550	FUN_0041f550	4442	false	
004206b0	FUN_004206b0	2285	false	
00420fa0	FUN_00420fa0	2285	false	
00421890	FUN_00421890	2278	false	
00422180	FUN_00422180	4042	false	
00423150	FUN_00423150	3066	false	
00423d50	FUN_00423d50	3738	false	
00424bf0	FUN_00424bf0	3738	false	
00425a90	FUN_00425a90	3738	false	
00426930	FUN_00426930	4183	false	
00427990	FUN_00427990	3261	false	
00428650	FUN_00428650	3273	false	
00429320	FUN_00429320	3273	false	
00429ff0	FUN_00429ff0	4346	false	
0042b0f0	FUN_0042b0f0	3379	false	
0042be30	FUN_0042be30	2332	false	
0042c750	FUN_0042c750	3437	false	
0042d4c0	FUN_0042d4c0	3430	false	
0042e230	FUN_0042e230	2906	false	
0042ed90	FUN_0042ed90	2906	false	
0042f8f0	FUN_0042f8f0	3268	false	
004305c0	FUN_004305c0	5306	false	
00431a80	FUN_00431a80	5242	false	
00432f00	FUN_00432f00	5305	false	
004343c0	FUN_004343c0	5672	false	
004359f0	FUN_004359f0	5672	false	
00437020	FUN_00437020	5672	false	
00438650	FUN_00438650	5316	false	
00439b20	FUN_00439b20	5243	false	
0043afa0	FUN_0043afa0	5607	false	
0043c590	FUN_0043c590	4267	false	
0043d640	FUN_0043d640	4057	false	
0043e620	FUN_0043e620	4057	false	
0043f600	FUN_0043f600	4778	false	
004408b0	FUN_004408b0	4875	false	
00441bc0	FUN_00441bc0	4875	false	
00442ed0	FUN_00442ed0	4875	false	
004441e0	FUN_004441e0	4875	false	
004454f0	FUN_004454f0	4378	false	
00446610	FUN_00446610	4380	false	
00447730	FUN_00447730	4380	false	
00448850	FUN_00448850	4441	false	
004499b0	FUN_004499b0	5108	false	
0044adb0	FUN_0044adb0	5384	false	
0044c2c0	FUN_0044c2c0	5053	false	
0044d680	FUN_0044d680	2321	false	
0044dfa0	FUN_0044dfa0	2459	false	
0044e940	FUN_0044e940	2935	false	
0044f4c0	FUN_0044f4c0	5134	false	
004508d0	FUN_004508d0	4339	false	
004519d0	FUN_004519d0	110	false	
00451a90	FUN_00451a90	1020	false	
00451e90	FUN_00451e90	353	false	
00452000	FUN_00452000	333	false	
00452150	FUN_00452150	1135	false	
004525c0	FUN_004525c0	377	false	
00452740	FUN_00452740	365	false	
004528b0	FUN_004528b0	1213	false	
00452d70	FUN_00452d70	32	false	
00452d90	FUN_00452d90	545	false	
00452fc0	FUN_00452fc0	322	false	
00453110	FUN_00453110	61	false	
00453150	FUN_00453150	116	false	
004531d0	FUN_004531d0	10	false	
004531e0	FUN_004531e0	37	false	
00453210	FUN_00453210	176	false	
004532e0	FUN_004532e0	132	false	
00453370	FUN_00453370	81	false	
004533d0	FUN_004533d0	130	false	
00453460	FUN_00453460	385	false	
004535f0	FUN_004535f0	118	false	
00453670	FUN_00453670	51	false	
004536b0	thunk_FUN_004536c0	5	true	
004536c0	FUN_004536c0	62	false	
00453700	FUN_00453700	232	false	
004537f0	FUN_004537f0	189	false	
004538b0	FUN_004538b0	217	false	
00453990	FUN_00453990	36	false	
004539c0	FUN_004539c0	230	false	
00453ab0	FUN_00453ab0	213	false	
00453b90	FUN_00453b90	16	false	
00453ba0	FUN_00453ba0	114	false	
00453c20	FUN_00453c20	202	false	
00453cf0	FUN_00453cf0	10	false	
00453d00	FUN_00453d00	104	false	
00453d70	FUN_00453d70	59	false	
00453db0	FUN_00453db0	79	false	
00453e10	FUN_00453e10	529	false	
00453f2a	Catch_All@00453f2a	12	false	
00453f36	Catch_All@00453f36	9	false	
00454040	FUN_00454040	85	false	
004540a0	FUN_004540a0	118	false	
00454120	FUN_00454120	86	false	
00454180	FUN_00454180	285	false	
004542a0	FUN_004542a0	291	false	
004543d0	FUN_004543d0	156	false	
00454470	FUN_00454470	118	false	
004544f0	FUN_004544f0	156	false	
00454590	FUN_00454590	81	false	
004545f0	FUN_004545f0	118	false	
00454670	FUN_00454670	72	false	
004546c0	FUN_004546c0	72	false	
00454710	FUN_00454710	23	false	
00454730	FUN_00454730	27	false	
00454750	FUN_00454750	98	false	
004547c0	FUN_004547c0	230	false	
00454882	Catch_All@00454882	21	false	
004548c0	FUN_004548c0	757	false	
00454bd0	FUN_00454bd0	307	false	
00454d10	FUN_00454d10	161	false	
00454e10	FUN_00454e10	657	false	
004550b0	FUN_004550b0	740	false	
004553a0	FUN_004553a0	29	false	
00455550	FUN_00455550	39	false	
00455580	FUN_00455580	79	false	
004555d0	FUN_004555d0	1039	false	
004559e0	FUN_004559e0	196	false	
00455ab0	FUN_00455ab0	405	false	
00455cc0	FUN_00455cc0	128	false	
00455d40	FUN_00455d40	380	false	
00455ec0	FUN_00455ec0	194	false	
00455f90	FUN_00455f90	331	false	
004562c0	FUN_004562c0	865	false	
00456ab0	FUN_00456ab0	144	false	
00456b40	FUN_00456b40	873	false	
00456eb0	FUN_00456eb0	537	false	
004570d0	FUN_004570d0	36	false	
00457490	FUN_00457490	280	false	
004575b0	FUN_004575b0	329	false	
00457700	FUN_00457700	387	false	
00457890	FUN_00457890	309	false	
004579d0	FUN_004579d0	257	false	
00457ae0	FUN_00457ae0	272	false	
00457ce0	FUN_00457ce0	378	false	
00458080	FUN_00458080	109	false	
004580f0	FUN_004580f0	341	false	
00458250	FUN_00458250	165	false	
00458350	FUN_00458350	176	false	
00458400	FUN_00458400	153	false	
00458500	FUN_00458500	187	false	
004588d0	FUN_004588d0	646	false	
00458b80	FUN_00458b80	98	false	
00459150	FUN_00459150	29	false	
00459f60	FUN_00459f60	1202	false	
0045a420	FUN_0045a420	84	false	
0045a480	FUN_0045a480	213	false	
0045a560	FUN_0045a560	25	false	
0045a580	FUN_0045a580	29	false	
0045a5a0	FUN_0045a5a0	233	false	
0045a690	FUN_0045a690	5077	false	
0045baf0	FUN_0045baf0	78	false	
0045bb40	FUN_0045bb40	192	false	
0045bc00	FUN_0045bc00	84	false	
0045bc60	FUN_0045bc60	227	false	
0045bec0	FUN_0045bec0	1298	false	
0045c3f0	FUN_0045c3f0	110	false	
0045c460	FUN_0045c460	198	false	
0045c530	FUN_0045c530	529	false	
0045c750	FUN_0045c750	237	false	
0045c840	FUN_0045c840	1297	false	
0045cd60	FUN_0045cd60	603	false	
0045d060	FUN_0045d060	1035	false	
0045d470	FUN_0045d470	136	false	
0045d520	FUN_0045d520	117	false	
0045d5a0	FUN_0045d5a0	115	false	
0045d620	FUN_0045d620	130	false	
0045d6b0	FUN_0045d6b0	100	false	
0045d720	FUN_0045d720	144	false	
0045d7b0	FUN_0045d7b0	503	false	
0045d9b0	FUN_0045d9b0	198	false	
0045da80	FUN_0045da80	159	false	
0045db20	FUN_0045db20	493	false	
0045dd10	FUN_0045dd10	496	false	
0045df00	FUN_0045df00	169	false	
0045dff0	FUN_0045dff0	19	false	
0045e010	FUN_0045e010	12	false	
0045e150	FUN_0045e150	60	false	
0045e440	FUN_0045e440	151	false	
0045e4e0	FUN_0045e4e0	275	false	
0045e6a0	FUN_0045e6a0	313	false	
0045e860	FUN_0045e860	915	false	
0045ec00	FUN_0045ec00	52	false	
0045ec40	FUN_0045ec40	78	false	
0045ec90	FUN_0045ec90	110	false	
0045eef0	FUN_0045eef0	494	false	
0045f0e0	FUN_0045f0e0	428	false	
0045f390	FUN_0045f390	140	false	
0045f4b0	FUN_0045f4b0	523	false	
0045f6c0	FUN_0045f6c0	15	false	
0045f6d0	FUN_0045f6d0	61	false	
0045f710	FUN_0045f710	414	false	
0045f8b0	FUN_0045f8b0	21	false	
0045f970	FUN_0045f970	221	false	
0045fab0	FUN_0045fab0	69	false	
0045fb40	FUN_0045fb40	151	false	
0045fbe0	FUN_0045fbe0	275	false	
0045fd00	FUN_0045fd00	313	false	
0045fe40	FUN_0045fe40	828	false	
00460180	FUN_00460180	22	false	
004601a0	FUN_004601a0	47	false	
004601d0	FUN_004601d0	285	false	
004602f0	FUN_004602f0	694	false	
004605b0	FUN_004605b0	17	false	
004605d0	FUN_004605d0	677	false	
00460880	FUN_00460880	1504	false	
00460ec0	FUN_00460ec0	70	false	
00460f20	FUN_00460f20	23	false	
00462140	FUN_00462140	161	false	
004622a0	FUN_004622a0	159	false	
00462ae0	FUN_00462ae0	57	false	
00462b1c	FUN_00462b1c	194	false	
00462be0	FUN_00462be0	245	false	
0048caa0	__purecall	42	false	
0048caca	~type_info	16	false	
0048cada	`scalar_deleting_destructor'	33	false	
0048cafb	operator==	32	false	
0048cb1b	_sprintf	132	false	
0048cb9f	__fsopen	178	false	
0048cc51	FUN_0048cc51	10	false	
0048cc5b	_fopen	23	false	
0048cc72	__fread_nolock_s	444	false	
0048ce2e	_fread_s	132	false	
0048ceb2	FUN_0048ceb2	10	false	
0048cebc	_fread	29	false	
0048ced9	__fclose_nolock	109	false	
0048cf46	_fclose	105	false	
0048cfb2	FUN_0048cfb2	8	false	
0048cfba	FUN_0048cfba	29	false	
0048cfd7	FUN_0048cfd7	13	false	
0048cfe4	_Copy_str	64	false	
0048d024	_Tidy	30	false	
0048d042	exception	39	false	
0048d069	operator=	53	false	
0048d09e	FUN_0048d09e	11	false	
0048d0a9	FUN_0048d0a9	39	false	
0048d0d0	exception	37	false	
0048d0f5	_free	58	false	
0048d12f	_malloc	148	false	
0048d1c3	FUN_0048d1c3	11	false	
0048d1ce	FUN_0048d1ce	127	false	
0048d24e	__vsprintf_l	132	false	
0048d2d2	_vsprintf	26	false	
0048d2ec	FUN_0048d2ec	11	false	
0048d2f7	__ArrayUnwind	50	false	
0048d355	`eh_vector_destructor_iterator'	75	false	
0048d3a0	FUN_0048d3a0	24	false	
0048d3b8	__onexit_nolock	182	false	
0048d49f	__onexit	54	false	
0048d4d5	FUN_0048d4d5	6	false	
0048d4db	_atexit	23	false	
0048d4f2	`eh_vector_constructor_iterator'	77	false	
0048d53f	FUN_0048d53f	24	false	
0048d560	_strrchr	45	false	
0048d590	FUN_0048d590	139	false	
0048d616	FUN_0048d616	11	false	
0048d621	__fwrite_nolock	343	false	
0048d778	_fwrite	112	false	
0048d7e8	FUN_0048d7e8	10	false	
0048d7f2	__ftell_nolock	404	false	
0048d986	_ftell	91	false	
0048d9e1	FUN_0048d9e1	10	false	
0048d9eb	__fseek_nolock	138	false	
0048da75	_fseek	114	false	
0048dae7	FUN_0048dae7	10	false	
0048daf1	_LocaleUpdate	135	false	
0048db78	__atof_l	171	false	
0048dc23	_atof	19	false	
0048dc40	FID_conflict:_memcpy	708	false	
0048dfa1	_strncmp	192	false	
0048e061	_feof	40	false	
0048e089	_ferror	40	false	
0048e0b1	FUN_0048e0b1	40	false	
0048e0d9	FUN_0048e0d9	105	false	
0048e143	__ungetc_nolock	227	false	
0048e226	_ungetc	95	false	
0048e285	FUN_0048e285	10	false	
0048e28f	FUN_0048e28f	6	false	
0048e366	__lock_file	65	false	
0048e3a7	__lock_file2	50	false	
0048e3d9	__unlock_file	60	false	
0048e415	__unlock_file2	47	false	
0048e460	FUN_0048e460	190	false	
0048e51e	__get_errno_from_oserr	66	false	
0048e560	__errno	19	false	
0048e573	___doserrno	19	false	
0048e586	__dosmaperr	35	false	
0048e5a9	_fprintf	258	false	
0048e6ab	FUN_0048e6ab	10	false	
0048e6b5	__freopen_helper	194	false	
0048e77c	FUN_0048e77c	10	false	
0048e786	_freopen	38	false	
0048e7ac	_realloc	173	false	
0048e859	FID_conflict:_getc	233	false	
0048e945	FUN_0048e945	8	false	
0048e94d	__isalpha_l	86	false	
0048e9a3	_isalpha	48	false	
0048e9d3	__isupper_l	81	false	
0048ea24	_isupper	46	false	
0048ea52	__islower_l	81	false	
0048eaa3	_islower	46	false	
0048ead1	__isdigit_l	81	false	
0048eb22	_isdigit	46	false	
0048eb50	__isxdigit_l	86	false	
0048eba6	_isxdigit	48	false	
0048ebd6	__isspace_l	81	false	
0048ec27	_isspace	46	false	
0048ec55	__ispunct_l	81	false	
0048eca6	_ispunct	46	false	
0048ecd4	__isalnum_l	86	false	
0048ed2a	_isalnum	48	false	
0048ed5a	__iscntrl_l	81	false	
0048edab	_iscntrl	46	false	
0048edd9	_fputs	251	false	
0048eed7	FUN_0048eed7	8	false	
0048eedf	strtoxl	555	false	
0048f10a	_strtol	43	false	
0048f135	_strtoul	44	false	
0048f161	_fgets	301	false	
0048f291	FUN_0048f291	8	false	
0048f2a0	FID_conflict:___longjmp_internal	173	false	
0048f351	___crtCorExitProcess	43	false	
0048f37c	___crtExitProcess	23	false	
0048f394	FUN_0048f394	9	false	
0048f39d	FUN_0048f39d	9	false	
0048f3a6	__init_pointers	51	false	
0048f3d9	__initterm_e	36	false	
0048f3fd	__cinit	151	false	
0048f494	doexit	305	false	
0048f5bf	FUN_0048f5bf	15	false	
0048f5d4	_exit	22	false	
0048f5ea	__exit	22	false	
0048f600	__cexit	15	false	
0048f61e	__amsg_exit	30	false	
0048f63c	vfscanf	239	false	
0048f72e	FUN_0048f72e	8	false	
0048f736	FID_conflict:_fscanf	32	false	
0048f756	FUN_0048f756	170	false	
0048f800	FUN_0048f800	151	false	
0048f898	__tmpnam_helper	305	false	
0048f9be	FUN_0048f9be	9	false	
0048f9d4	_tmpnam	39	false	
0048f9fb	__tmpfile_helper	473	false	
0048fbd9	FUN_0048fbd9	21	false	
0048fbee	_tmpfile	28	false	
0048fc0a	idtab	94	false	
00490130	__pclose	194	false	
004901f2	FUN_004901f2	9	false	
004901fb	__flush	104	false	
00490263	__fflush_nolock	72	false	
004902ab	flsall	187	false	
0049034d	FUN_0049034d	17	false	
0049037c	FUN_0049037c	9	false	
00490385	_fflush	73	false	
004903ce	FUN_004903ce	10	false	
004903e1	_setvbuf	236	false	
004904cd	FUN_004904cd	10	false	
004904d7	_clearerr_s	153	false	
00490573	FUN_00490573	8	false	
0049057b	FUN_0049057b	11	false	
00490586	_localeconv	38	false	
004905b0	FUN_004905b0	285	false	
004906d0	FUN_004906d0	328	false	
00490818	_ldexp	434	false	
004909ca	FUN_004909ca	18	false	
004909dc	FUN_004909dc	33	false	
004909fd	_frexp	206	false	
00490ad0	__getenv_helper_nolock	135	false	
00490b57	_getenv	113	false	
00490bc8	FUN_00490bc8	9	false	
00490bd1	__dupenv_s	206	false	
00490c9f	FUN_00490c9f	9	false	
00490ca8	FUN_00490ca8	291	false	
00490dcb	FUN_00490dcb	23	false	
00490df0	_strncat	309	false	
00490f30	_strncpy	292	false	
00491060	_strcspn	70	false	
004910a6	FUN_004910a6	51	false	
004910d9	FUN_004910d9	687	false	
00491388	__mktime64	18	false	
0049139a	__gmtime64_s	569	false	
004915d3	__gmtime64	39	false	
004915fa	_system	221	false	
004916d7	FUN_004916d7	48	false	
00491707	_clock	58	false	
00491741	___inittime	46	false	
0049176f	__freea	32	false	
0049178f	_store_str	32	false	
004917af	_store_num	123	false	
0049182a	_expandtime	952	false	
00491be2	_store_winword	1114	false	
0049203c	__Strftime_l	396	false	
004921c8	_strftime	31	false	
004921e7	__copytlocinfo_nolock	38	false	
0049220d	FUN_0049220d	64	false	
0049224e	___lc_strtolc	287	false	
0049236d	FUN_0049236d	106	false	
004923d8	__setlocale_get_all	357	false	
0049253d	__expandlocale	545	false	
0049275e	FUN_0049275e	825	false	
00492a98	__setlocale_nolock	540	false	
00492cb4	_setlocale	332	false	
00492de6	FUN_00492de6	9	false	
00492df2	FUN_00492df2	9	false	
00492e23	FUN_00492e23	5	false	
00492e28	FUN_00492e28	647	false	
004930b0	FID_conflict:__localtime64	39	false	
004930d7	__difftime64	67	false	
0049311a	__time64	81	false	
00493170	_memchr	173	false	
0049321d	__tolower_l	277	false	
00493332	_tolower	44	false	
0049335e	__toupper_l	278	false	
00493474	_toupper	44	false	
004934a0	_strpbrk	64	false	
004934e0	__strcoll_l	158	false	
0049357e	_strcoll	23	false	
00493595	FID_conflict:_wprintf	148	false	
00493629	FUN_00493629	19	false	
0049363c	FUN_0049363c	22	false	
00493652	vscan_fn	110	false	
004936c0	FID_conflict:_sscanf	34	false	
004936e2	FUN_004936e2	14	false	
004936f0	FID_conflict:_memcpy	708	false	
00493a60	_memset	122	false	
00493ada	_calloc	64	false	
00493b1a	__vsnprintf_l	172	false	
00493bc6	__vsnprintf	29	false	
00493be3	__security_check_cookie	15	false	
00493c00	__alloca_probe	43	false	
00493d27	__fdopen	363	false	
00493e95	FUN_00493e95	8	false	
00493e9d	fast_error_exit	41	false	
00493ec6	___tmainCRTStartup	319	false	
00494033	entry	10	false	
0049403d	_abort	51	false	
00494070	__set_abort_behavior	33	false	
00494091	__GET_RTERRMSG	38	false	
004940b7	__NMSG_WRITE	431	false	
00494266	__FF_MSGBANNER	57	false	
0049429f	___getlocaleinfo	428	false	
0049444b	FUN_0049444b	15	false	
0049445a	_Type_info_dtor	103	false	
004944c1	FUN_004944c1	9	false	
004944d0	_strcmp	135	false	
00494558	__flsbuf	356	false	
004946bc	write_char	51	false	
004946ef	FUN_004946ef	98	false	
00494751	FUN_00494751	3047	false	
00495359	FUN_00495359	15	false	
00495368	__call_reportfault	297	false	
00495491	__invoke_watson	37	false	
004954b6	FUN_004954b6	44	false	
004954e3	FUN_004954e3	16	false	
004954f3	__openfile	663	false	
0049578a	__getstream	295	false	
004958b4	FUN_004958b4	9	false	
004958c0	__SEH_prolog4	69	false	
00495905	__SEH_epilog4	20	false	
00495920	__except_handler4	399	false	
00495ab0	__local_unwind4	144	false	
00495b86	FUN_00495b86	28	false	
00495ba2	_EH4_CallFilterFunc	23	false	
00495bb9	_EH4_TransferToHandler	25	false	
00495bd2	_EH4_GlobalUnwind2	25	false	
00495beb	_EH4_LocalUnwind	23	false	
00495c02	__filbuf	290	false	
00495d24	__read_nolock	1463	false	
004962db	__read	235	false	
004963c9	FUN_004963c9	8	false	
004963d1	__fileno	38	false	
004963f7	_memcpy_s	117	false	
0049646c	__close_nolock	156	false	
00496508	__close	185	false	
004965c4	FUN_004965c4	8	false	
004965cc	__freebuf	49	false	
004965fd	_strcpy_s	95	false	
00496660	_strlen	139	false	
004966eb	__heap_init	30	false	
00496709	FUN_00496709	15	false	
00496718	__callnewh	40	false	
00496740	__CxxThrowException@8	76	false	
0049678c	terminate	44	false	
004967c5	FUN_004967c5	19	false	
004967d8	_inconsistency	49	false	
00496810	FUN_00496810	17	false	
00496821	__malloc_crt	69	false	
00496866	__calloc_crt	76	false	
004968b2	__realloc_crt	78	false	
00496900	__recalloc_crt	82	false	
00496952	__msize	51	false	
00496985	__write_nolock	1789	false	
00497082	__write	201	false	
0049714e	FUN_0049714e	8	false	
00497156	__ioinit	581	false	
0049739b	__lseek_nolock	117	false	
00497410	__lseek	201	false	
004974dc	FUN_004974dc	8	false	
004974e4	CPtoLCID	47	false	
00497513	setSBCS	100	false	
00497577	setSBUpLow	400	false	
00497707	___updatetmbcinfo	152	false	
004977a2	FUN_004977a2	9	false	
004977ab	getSystemCP	124	false	
00497827	__setmbcp_nolock	489	false	
00497a10	__setmbcp	399	false	
00497b71	FUN_00497b71	9	false	
00497baa	___initmbctable	30	false	
00497bc8	___addlocaleref	143	false	
00497c57	___removelocaleref	153	false	
00497cf0	___freetlocinfo	331	false	
00497e3b	__updatetlocinfoEx_nolock	77	false	
00497e88	___updatetlocinfo	109	false	
00497ef5	FUN_00497ef5	12	false	
00497f01	FUN_00497f01	9	false	
00497f13	___set_flsgetvalue	52	false	
00497f47	__mtterm	61	false	
00497f84	__initptd	156	false	
00498026	FUN_00498026	9	false	
0049802f	FUN_0049802f	9	false	
00498038	__getptd_noexit	121	false	
004980b1	__getptd	26	false	
004981e5	FUN_004981e5	9	false	
004981f1	FUN_004981f1	9	false	
004981fa	__mtinit	379	false	
00498375	__fltin2	167	false	
0049841c	__isctype_l	184	false	
004984d4	__cfltcvt_init	96	false	
00498534	__fpmath	25	false	
0049854d	___strgtold12_l	1705	false	
00498c29	FUN_00498c29	253	false	
00498d3c	FUN_00498d3c	6	false	
00498d42	FUN_00498d42	6	false	
00498d48	_strncpy_s	181	false	
00498dfd	__getbuf	73	false	
00498ee2	__mtinitlocks	74	false	
00498f2c	__mtdeletelocks	87	false	
00498f83	FUN_00498f83	23	false	
00498f9a	__mtinitlocknum	185	false	
00499053	FUN_00499053	9	false	
0049905c	__lock	51	false	
0049908f	__stbuf	156	false	
0049912b	__ftbuf	52	false	
00499160	__global_unwind2	32	false	
004991c5	__local_unwind2	132	false	
0049926c	__NLG_Notify1	9	false	
00499275	__NLG_Notify	31	false	
00499294	FUN_00499294	3	false	
00499297	__rt_probe_read4@4	48	false	
004992e2	__initp_misc_winsig	30	false	
00499300	siglookup	55	false	
00499337	FUN_00499337	13	false	
00499344	_raise	398	false	
004994ab	FUN_004994ab	15	false	
004994e7	FUN_004994e7	15	false	
004994f6	__RTC_Initialize	38	false	
00499542	__initp_misc_cfltcvt_tab	35	false	
00499570	__ValidateImageBase	53	false	
004995b0	__FindPESection	68	false	
00499600	__IsNonwritableInCurrentImage	166	false	
004996bc	___check_float_string	87	false	
00499713	__hextodec	32	false	
00499733	__inc	22	false	
00499749	__whiteout	42	false	
00499773	__input_l	4100	false	
0049a777	_strcat_s	109	false	
0049a7e4	xtoa_s	186	false	
0049a89e	__itoa_s	42	false	
0049a8c8	__ultoa_s	26	false	
0049a8e2	GetCurrentProcessId	6	true	
0049a8e8	__mbsrchr_l	170	false	
0049a992	__mbsrchr	23	false	
0049a9a9	__rmtmp	138	false	
0049aa23	FUN_0049aa23	17	false	
0049aa49	FUN_0049aa49	9	false	
0049aa52	__access_s	127	false	
0049aad1	__strdup	82	false	
0049ab23	FUN_0049ab23	1843	false	
0049b257	FID_conflict:__sopen_helper	145	false	
0049b2ed	FUN_0049b2ed	46	false	
0049b31b	__sopen_s	32	false	
0049b33b	__getpath	149	false	
0049b676	__cwait	145	false	
0049b707	__commit	206	false	
0049b7d8	FUN_0049b7d8	8	false	
0049b7e0	___libm_error_support	663	false	
0049babc	__ceil_default	216	false	
0049bb94	__modf_default	277	false	
0049bca9	__set_exp	45	false	
0049bcd6	__sptype	102	false	
0049bd3c	FUN_0049bd3c	195	false	
0049bdff	__copysign	40	false	
0049be27	__fpclass	157	false	
0049bec4	__raise_exc_ex	732	false	
0049c1a0	__raise_exc	35	false	
0049c1c3	__handle_exc	484	false	
0049c3a7	__set_errno_from_matherr	45	false	
0049c3d4	__errcode	52	false	
0049c408	__umatherr	160	false	
0049c4a8	__handle_qnan1	85	false	
0049c4fd	__handle_qnan2	97	false	
0049c55e	__except1	202	false	
0049c628	__except2	218	false	
0049c702	__statfp	16	false	
0049c712	__clrfp	17	false	
0049c723	__ctrlfp	43	false	
0049c74e	FUN_0049c74e	88	false	
0049c7a6	___set_fpsr_sse2	68	false	
0049c818	__mbsnbicoll_l	222	false	
0049c8f6	__mbsnbicoll	26	false	
0049c910	___wtomb_environ	151	false	
0049c9a7	_strnlen	29	false	
0049c9c4	FID_conflict:__get_dstbias	45	false	
0049c9f1	FID_conflict:__get_dstbias	45	false	
0049ca1e	FID_conflict:__get_dstbias	45	false	
0049ca4b	FUN_0049ca4b	6	false	
0049ca51	FUN_0049ca51	6	false	
0049ca57	FUN_0049ca57	6	false	
0049ca5d	FUN_0049ca5d	6	false	
0049ca63	FUN_0049ca63	773	false	
0049cce6	FUN_0049cce6	9	false	
0049cd76	FUN_0049cd76	502	false	
0049cf6d	FUN_0049cf6d	470	false	
0049d144	___tzset	70	false	
0049d18a	FUN_0049d18a	9	false	
0049d193	__isindst	56	false	
0049d1cb	FUN_0049d1cb	9	false	
0049d1e0	__allmul	52	false	
0049d220	__alldiv	170	false	
0049d2d0	__allrem	178	false	
0049d382	___getgmtimebuf	55	false	
0049d3b9	__spawnvpe	620	false	
0049d625	FUN_0049d625	114	false	
0049d697	__spawnve	489	false	
0049d880	__aulldiv	104	false	
0049d8e8	___ascii_stricmp	57	false	
0049d921	__stricmp_l	192	false	
0049d9e1	__stricmp	71	false	
0049da28	__isleadbyte_l	56	false	
0049da60	_isleadbyte	19	false	
0049da80	__alloca_probe_16	22	false	
0049da96	__alloca_probe_8	22	false	
0049daac	__get_lc_time	2047	false	
0049e2ab	___free_lc_time	887	false	
0049e622	___init_time	125	false	
0049e69f	___free_lconv_num	105	false	
0049e708	___init_numeric	496	false	
0049e8f8	___free_lconv_mon	254	false	
0049e9f6	___init_monetary	864	false	
0049ed56	___init_ctype	935	false	
0049f0fd	____lc_codepage_func	38	false	
0049f123	FUN_0049f123	98	false	
0049f185	_ProcessCodePage	132	false	
0049f209	_TestDefaultCountry	37	false	
0049f22e	_LcidFromHexString	49	false	
0049f25f	_GetPrimaryLen	27	false	
0049f27a	_CountryEnumProc@4	167	false	
0049f321	_TestDefaultLanguage	91	false	
0049f37c	_LangCountryEnumProc@4	465	false	
0049f54d	_LanguageEnumProc@4	192	false	
0049f60d	_GetLcidFromLangCountry	103	false	
0049f674	_GetLcidFromLanguage	60	false	
0049f6b0	___get_qualified_locale	497	false	
0049f8a1	_memcmp	5330	false	
004a0df5	__crtGetStringTypeA_stat	231	false	
004a0edc	___crtGetStringTypeA	64	false	
004a0f1c	__crtLCMapStringA_stat	487	false	
004a1103	___crtLCMapStringA	70	false	
004a1149	__crtCompareStringA_stat	622	false	
004a13b7	___crtCompareStringA	66	false	
004a13f9	__VEC_memzero	183	false	
004a14b3	__calloc_impl	130	false	
004a1535	___report_gsfailure	262	false	
004a163b	__CxxUnhandledExceptionFilter	66	false	
004a168b	__XcptFilter	330	false	
004a17d5	__wincmdln	95	false	
004a1834	FUN_004a1834	219	false	
004a1910	parse_cmdline	410	false	
004a1aaa	__setargv	187	false	
004a1b65	___crtGetEnvironmentStringsA	151	false	
004a1bfc	___security_init_cookie	155	false	
004a1c97	___crtMessageBoxW	364	false	
004a1e03	_wcscat_s	117	false	
004a1e78	_wcsncpy_s	205	false	
004a1f45	_wcslen	27	false	
004a1f60	_wcscpy_s	99	false	
004a1fc3	__set_error_mode	63	false	
004a2002	__crtGetLocaleInfoA_stat	218	false	
004a20dc	___crtGetLocaleInfoA	58	false	
004a2116	__lseeki64_nolock	133	false	
004a219b	__lseeki64	224	false	
004a227b	FUN_004a227b	10	false	
004a2285	__isatty	86	false	
004a22db	__wctomb_s_l	341	false	
004a2430	_wctomb_s	29	false	
004a2450	__aulldvrm	149	false	
004a24e5	FUN_004a24e5	8	false	
004a24ed	__mbsnbicmp_l	516	false	
004a26f1	__mbsnbicmp	26	false	
004a270b	__mbsnbcmp_l	332	false	
004a2857	__mbsnbcmp	26	false	
004a2871	__set_osfhnd	129	false	
004a28f2	__free_osfhnd	134	false	
004a2978	__get_osfhandle	105	false	
004a29e1	___lock_fhandle	145	false	
004a2a77	FUN_004a2a77	9	false	
004a2a80	__unlock_fhandle	39	false	
004a2aa7	__alloc_osfhnd	385	false	
004a2b79	FUN_004a2b79	9	false	
004a2c37	FUN_004a2c37	9	false	
004a2c40	__recalloc	110	false	
004a2cae	__putwch_nolock	66	false	
004a2cf0	__mbtowc_l	278	false	
004a2e06	_mbtowc	26	false	
004a2e20	__ld12tod	1361	false	
004a3371	__ld12tof	1361	false	
004a38c2	__forcdecpt_l	116	false	
004a3936	__cropzeros_l	130	false	
004a39b8	__positive	28	false	
004a39d4	__fassign_l	66	false	
004a3a16	__fassign	26	false	
004a3a30	__shift	31	false	
004a3a4f	__forcdecpt	19	false	
004a3a62	__cropzeros	19	false	
004a3a75	FUN_004a3a75	352	false	
004a3bd6	__cftoe_l	199	false	
004a3c9d	__cftoe	32	false	
004a3cbd	__cftoa_l	886	false	
004a4033	__cftof2_l	259	false	
004a4136	__cftof_l	193	false	
004a41f7	__cftog_l	237	false	
004a42e4	__cfltcvt_l	136	false	
004a436c	__cfltcvt	35	false	
004a438f	__setdefaultprecision	40	false	
004a43b7	FUN_004a43b7	484	false	
004a45a4	__chsize_nolock	438	false	
004a475a	__setmode_nolock	187	false	
004a4815	FUN_004a4815	45	false	
004a4842	FUN_004a4842	3	false	
004a4845	__frnd	20	false	
004a4859	__strnicoll_l	234	false	
004a4943	findenv	82	false	
004a4995	copy_environ	96	false	
004a49f5	___crtsetenv	578	false	
004a4c37	_atol	22	false	
004a4c4d	__mbschr_l	176	false	
004a4cfd	__mbschr	23	false	
004a4d14	__dospawn	516	false	
004a4f18	__cenvarg	924	false	
004a52b4	__strnicmp_l	226	false	
004a5396	__strnicmp	83	false	
004a53e9	x_ismbbtype_l	83	false	
004a543c	__ismbblead	24	false	
004a5454	___initconout	31	false	
004a548a	FID_conflict:__atoflt_l	168	false	
004a5532	FID_conflict:__atoflt_l	168	false	
004a55da	__fptostr	179	false	
004a568d	___dtold	179	false	
004a5740	FUN_004a5740	141	false	
004a57d0	__alldvrm	223	false	
004a58b0	__aullshr	31	false	
004a58cf	__controlfp_s	95	false	
004a592e	__mbsnicmp_l	459	false	
004a5af9	__mbsnicmp	26	false	
004a5b20	___ascii_strnicmp	97	false	
004a5b81	$I10_OUTPUT	2296	false	
004a6479	__hw_cw	142	false	
004a6507	___hw_cw_sse2	160	false	
004a65a7	__control87	786	false	
004a68be	FUN_004a68be	29	false	
004a68db	FUN_004a68db	47	false	
004a690b	FUN_004a690b	29	false	
004a6928	FUN_004a6928	47	false	
004a6958	FUN_004a6958	29	false	
004a6975	FUN_004a6975	33	false	
004a6996	RtlUnwind	6	true	
004a699c	xtoa	67	false	
004a69df	__itoa	42	false	
004a6a09	__putenv_helper	509	false	
004a6c06	__putenv	60	false	
004a6c42	FUN_004a6c42	9	false	
004a6c4b	FUN_004a6c4b	85	false	
004a6ca0	copy_environ	96	false	
004a6d00	___crtwsetenv	640	false	
004a6f80	__wcsnicoll_l	288	false	
004a70a0	__wcsnicoll	186	false	
004a715a	__wcsdup	85	false	
004a71af	___mbtow_environ	135	false	
004a7236	FUN_004a7236	219	false	
004a7312	___crtGetEnvironmentStringsW	88	false	
004a736a	_wcschr	39	false	
004a7391	___crtCompareStringW	99	false	
004a73f4	_wcsnlen	32	false	
004a7440	FUN_004a7440	48	false	
004a7470	FUN_004a7470	30	false	
004a7490	FUN_004a7490	30	false	
004a74b0	FUN_004a74b0	115	false	
004a7690	FUN_004a7690	95	false	
004a76f0	FUN_004a76f0	168	false	
004a77f0	FUN_004a77f0	526	false	
004a7a80	FUN_004a7a80	882	false	
004a7e00	FUN_004a7e00	831	false	
004a81c0	FUN_004a81c0	5913	false	
004a9a80	FUN_004a9a80	319	false	
004a9bc0	FUN_004a9bc0	34	false	
004a9c30	FUN_004a9c30	165	false	
004a9d20	FUN_004a9d20	75	false	
004a9d70	FUN_004a9d70	70	false	
004a9e00	FUN_004a9e00	126	false	
004a9e90	FUN_004a9e90	261	false	
004a9fa0	FUN_004a9fa0	125	false	
004aa040	FUN_004aa040	1967	false	
004aa7f0	FUN_004aa7f0	223	false	
004aa950	FUN_004aa950	1913	false	
004ab0e0	FUN_004ab0e0	320	false	
004ab230	FUN_004ab230	134	false	
004ab340	FUN_004ab340	68	false	
004ab390	FUN_004ab390	235	false	
004ab520	FUN_004ab520	44	false	
004ab550	FUN_004ab550	296	false	
004ab6a0	FUN_004ab6a0	485	false	
004ab890	FUN_004ab890	430	false	
004aba40	FUN_004aba40	428	false	
004abbf0	FUN_004abbf0	397	false	
004abd80	FUN_004abd80	398	false	
004abf10	FUN_004abf10	394	false	
004ac0a0	FUN_004ac0a0	392	false	
004ac230	FUN_004ac230	361	false	
004ac3a0	FUN_004ac3a0	362	false	
004ac510	FUN_004ac510	382	false	
004ac690	FUN_004ac690	380	false	
004ac810	FUN_004ac810	337	false	
004ac970	FUN_004ac970	337	false	
004acad0	FUN_004acad0	352	false	
004acd90	FUN_004acd90	302	false	
004acec0	FUN_004acec0	302	false	
004acff0	FUN_004acff0	429	false	
004ad1a0	FUN_004ad1a0	427	false	
004ad350	FUN_004ad350	398	false	
004ad4f0	FUN_004ad4f0	399	false	
004ad690	FUN_004ad690	393	false	
004ad820	FUN_004ad820	391	false	
004ad9b0	FUN_004ad9b0	360	false	
004adb20	FUN_004adb20	363	false	
004adc90	FUN_004adc90	388	false	
004ade20	FUN_004ade20	386	false	
004adfb0	FUN_004adfb0	352	false	
004ae120	FUN_004ae120	353	false	
004ae290	FUN_004ae290	358	false	
004ae400	FUN_004ae400	352	false	
004ae6b0	FUN_004ae6b0	318	false	
004ae870	FUN_004ae870	100	false	
004ae8e0	FUN_004ae8e0	84	false	
004ae940	FUN_004ae940	244	false	
004aea40	FUN_004aea40	123	false	
004aead0	FUN_004aead0	1247	false	
004aefb0	FUN_004aefb0	157	false	
004af050	FUN_004af050	541	false	
004af2c0	FUN_004af2c0	1094	false	
004af710	FUN_004af710	217	false	
004af810	FUN_004af810	185	false	
004afc50	FUN_004afc50	119	false	
004afd20	FUN_004afd20	371	false	
004afed0	FUN_004afed0	194	false	
004affb0	FUN_004affb0	505	false	
004b01b0	FUN_004b01b0	1018	false	
004b05c0	FUN_004b05c0	306	false	
004b0700	FUN_004b0700	23	false	
004b08f0	FUN_004b08f0	107	false	
004b0b30	FUN_004b0b30	323	false	
004b0c80	FUN_004b0c80	73	false	
004b0cd0	FUN_004b0cd0	866	false	
004b1040	FUN_004b1040	32	false	
004b1060	FUN_004b1060	48	false	
004b1090	FUN_004b1090	292	false	
004b12b0	FUN_004b12b0	229	false	
004b13a0	FUN_004b13a0	466	false	
004b1580	FUN_004b1580	115	false	
004b1600	FUN_004b1600	106	false	
004b1670	FUN_004b1670	332	false	
004b17c0	FUN_004b17c0	203	false	
004b1890	FUN_004b1890	414	false	
004b1a30	FUN_004b1a30	60	false	
004b1a70	FUN_004b1a70	39	false	
004b1aa0	FUN_004b1aa0	52	false	
004b1b50	FUN_004b1b50	725	false	
004b1e30	FUN_004b1e30	39	false	
004b1e80	FUN_004b1e80	68	false	
004b1ed0	FUN_004b1ed0	29	false	
004b1ef0	FUN_004b1ef0	807	false	
004b22e0	FUN_004b22e0	12	false	
004b2450	FUN_004b2450	218	false	
004b2580	FUN_004b2580	232	false	
004b2680	FUN_004b2680	254	false	
004b2780	FUN_004b2780	209	false	
004b28e0	FUN_004b28e0	106	false	
004b2960	FUN_004b2960	94	false	
004b29d0	FUN_004b29d0	44	false	
004b2a00	FUN_004b2a00	72	false	
004b2a50	FUN_004b2a50	66	false	
004b2aa0	FUN_004b2aa0	274	false	
004b2bc0	FUN_004b2bc0	274	false	
004b2d10	FUN_004b2d10	700	false	
004b2fd0	FUN_004b2fd0	74	false	
004b30a0	FUN_004b30a0	30	false	
004b30c0	FUN_004b30c0	52	false	
004b3100	FUN_004b3100	38	false	
004b3130	FUN_004b3130	40	false	
004b31f0	FUN_004b31f0	45	false	
004b3280	FUN_004b3280	63	false	
004b32c0	FUN_004b32c0	71	false	
004b33a0	FUN_004b33a0	124	false	
004b3b20	FUN_004b3b20	33	false	
004b3b50	FUN_004b3b50	32	false	
004b4e60	FUN_004b4e60	207	false	
004b53b0	FUN_004b53b0	170	false	
004b56a0	FUN_004b56a0	149	false	
004b5740	FUN_004b5740	106	false	
004b57b0	FUN_004b57b0	149	false	
004b5850	FUN_004b5850	106	false	
004b6010	FUN_004b6010	610	false	
004b6530	FUN_004b6530	140	false	
004b65c0	FUN_004b65c0	110	false	
004b6630	FUN_004b6630	97	false	
004b6730	FUN_004b6730	1257	false	
004b6ac0	FUN_004b6ac0	199	false	
004b6b90	FUN_004b6b90	856	false	
004b6ef0	FUN_004b6ef0	524	false	
004b7100	FUN_004b7100	821	false	
004b7440	FUN_004b7440	387	false	
004b75d0	FUN_004b75d0	222	false	
004b76b0	FUN_004b76b0	232	false	
004b77a0	FUN_004b77a0	370	false	
004b7940	FUN_004b7940	346	false	
004b7ad0	FUN_004b7ad0	153	false	
004b7b70	FUN_004b7b70	42	false	
004b7ba0	FUN_004b7ba0	184	false	
004b7c60	FUN_004b7c60	144	false	
004b7cf0	FUN_004b7cf0	367	false	
004b7e60	FUN_004b7e60	93	false	
004b7ebd	Catch_All@004b7ebd	6	false	
004b7ed0	FUN_004b7ed0	518	false	
004b80e0	FUN_004b80e0	763	false	
004b8440	FUN_004b8440	385	false	
004b85d0	FUN_004b85d0	243	false	
004b86d0	FUN_004b86d0	1659	false	
004b8d50	FUN_004b8d50	769	false	
004b9060	FUN_004b9060	91	false	
004b90c0	FUN_004b90c0	678	false	
004b95e0	FUN_004b95e0	125	false	
004b9680	FUN_004b9680	265	false	
004b9910	FUN_004b9910	120	false	
004b99a0	FUN_004b99a0	139	false	
004b9b20	FUN_004b9b20	290	false	
004b9cb0	FUN_004b9cb0	308	false	
004b9df0	FUN_004b9df0	113	false	
004b9e80	FUN_004b9e80	186	false	
004ba010	FUN_004ba010	149	false	
004ba0b0	FUN_004ba0b0	149	false	
004ba150	FUN_004ba150	68	false	
004ba1a0	FUN_004ba1a0	46	false	
004ba1d0	FUN_004ba1d0	893	false	
004ba550	FUN_004ba550	147	false	
004ba5f0	FUN_004ba5f0	435	false	
004ba870	FUN_004ba870	172	false	
004ba970	FUN_004ba970	75	false	
004ba9c0	FUN_004ba9c0	146	false	
004baa60	FUN_004baa60	245	false	
004bab60	FUN_004bab60	89	false	
004babc0	FUN_004babc0	92	false	
004bac20	FUN_004bac20	1022	false	
004bb020	FUN_004bb020	216	false	
004bb150	FUN_004bb150	301	false	
004bb400	FUN_004bb400	2481	false	
004bbdd0	FUN_004bbdd0	613	false	
004bc170	FUN_004bc170	50	false	
004bc210	FUN_004bc210	44	false	
004bc420	FUN_004bc420	70	false	
004bc470	FUN_004bc470	68	false	
004bc4c0	FUN_004bc4c0	76	false	
004bc510	FUN_004bc510	70	false	
004bc560	FUN_004bc560	80	false	
004bc5b0	FUN_004bc5b0	70	false	
004bcb80	FUN_004bcb80	302	false	
004bcd10	FUN_004bcd10	41	false	
004bcf70	FUN_004bcf70	69	false	
004bdfa0	FUN_004bdfa0	88	false	
004be000	FUN_004be000	445	false	
004be1d0	FUN_004be1d0	77	false	
004be220	FUN_004be220	116	false	
004be800	FUN_004be800	2499	false	
004bf610	FUN_004bf610	2890	false	
004c0230	FUN_004c0230	257	false	
004c0380	FUN_004c0380	117	false	
004c0410	FUN_004c0410	286	false	
004c06a0	FUN_004c06a0	29	false	
004c0730	FUN_004c0730	74	false	
004c0870	FUN_004c0870	55	false	
004c08b0	FUN_004c08b0	87	false	
004c0910	FUN_004c0910	86	false	
004c1410	FUN_004c1410	154	false	
004c14c0	FUN_004c14c0	279	false	
004c1790	FUN_004c1790	58	false	
004c1ae0	FUN_004c1ae0	104	false	
004c1b50	FUN_004c1b50	141	false	
004c25f0	FUN_004c25f0	114	false	
004c2670	FUN_004c2670	114	false	
004c2740	FUN_004c2740	68	false	
004c28b0	FUN_004c28b0	32	false	
004c28d0	FUN_004c28d0	32	false	
004c2910	FUN_004c2910	84	false	
004c2990	FUN_004c2990	110	false	
004c2a30	FUN_004c2a30	55	false	
004c2a70	FUN_004c2a70	107	false	
004c2b90	FUN_004c2b90	47	false	
004c2bc0	FUN_004c2bc0	53	false	
004c2ca0	FUN_004c2ca0	25	false	
004c2cc0	FUN_004c2cc0	39	false	
004c2cf0	FUN_004c2cf0	58	false	
004c2d30	FUN_004c2d30	72	false	
004c2d80	FUN_004c2d80	58	false	
004c2dc0	FUN_004c2dc0	72	false	
004c2e10	FUN_004c2e10	58	false	
004c2e50	FUN_004c2e50	72	false	
004c2ea0	FUN_004c2ea0	58	false	
004c2ee0	FUN_004c2ee0	72	false	
004c2f30	FUN_004c2f30	156	false	
004c2fd0	FUN_004c2fd0	168	false	
004c3570	FUN_004c3570	202	false	
004c36c0	FUN_004c36c0	267	false	
004c3800	FUN_004c3800	62	false	
004c3840	FUN_004c3840	62	false	
004c3880	FUN_004c3880	71	false	
004c38d0	FUN_004c38d0	91	false	
004c3930	FUN_004c3930	62	false	
004c3970	FUN_004c3970	81	false	
004c39d0	FUN_004c39d0	151	false	
004c3a80	FUN_004c3a80	159	false	
004c3b30	FUN_004c3b30	62	false	
004c3b70	FUN_004c3b70	74	false	
004c3bc0	FUN_004c3bc0	51	false	
004c3c00	FUN_004c3c00	55	false	
004c3c40	FUN_004c3c40	51	false	
004c3c80	FUN_004c3c80	55	false	
004c3cc0	FUN_004c3cc0	55	false	
004c3d00	FUN_004c3d00	57	false	
004c3d40	FUN_004c3d40	51	false	
004c3d80	FUN_004c3d80	55	false	
004c3dc0	FUN_004c3dc0	63	false	
004c3e00	FUN_004c3e00	86	false	
004c3e60	FUN_004c3e60	69	false	
004c3eb0	FUN_004c3eb0	92	false	
004c3f10	FUN_004c3f10	73	false	
004c3f60	FUN_004c3f60	129	false	
004c4000	FUN_004c4000	72	false	
004c4050	FUN_004c4050	89	false	
004c40b0	FUN_004c40b0	190	false	
004c4170	FUN_004c4170	292	false	
004c42a0	FUN_004c42a0	297	false	
004c43d0	FUN_004c43d0	292	false	
004c4500	FUN_004c4500	194	false	
004c45d0	FUN_004c45d0	191	false	
004c4690	FUN_004c4690	187	false	
004c4750	FUN_004c4750	267	false	
004c4870	FUN_004c4870	123	false	
004c48f0	FUN_004c48f0	415	false	
004c4aa0	FUN_004c4aa0	96	false	
004c4b00	FUN_004c4b00	339	false	
004c4c60	FUN_004c4c60	693	false	
004c4f20	FUN_004c4f20	794	false	
004c5620	FUN_004c5620	219	false	
004c5730	FUN_004c5730	92	false	
004c5790	FUN_004c5790	96	false	
004c57f0	FUN_004c57f0	92	false	
004c6510	FUN_004c6510	446	false	
004c6aa0	FUN_004c6aa0	11	false	
004c6ab0	FUN_004c6ab0	82	false	
004c6b10	FUN_004c6b10	857	false	
004c6eb0	FUN_004c6eb0	113	false	
004c8070	FUN_004c8070	127	false	
004c8190	FUN_004c8190	124	false	
004c8210	FUN_004c8210	70	false	
004c82d0	FUN_004c82d0	173	false	
004c8390	FUN_004c8390	128	false	
004c88a0	FUN_004c88a0	420	false	
004c8b30	FUN_004c8b30	574	false	
004c8d70	FUN_004c8d70	779	false	
004c9080	FUN_004c9080	1229	false	
004c9550	FUN_004c9550	877	false	
004c9910	FUN_004c9910	1200	false	
004c9dc0	FUN_004c9dc0	942	false	
004ca170	FUN_004ca170	726	false	
004ca450	FUN_004ca450	872	false	
004ca7c0	FUN_004ca7c0	697	false	
004caa80	FUN_004caa80	722	false	
004cad60	FUN_004cad60	137	false	
004caf20	FUN_004caf20	489	false	
004cb1c0	FUN_004cb1c0	33	false	
004cb700	FUN_004cb700	27	false	
004cb720	FUN_004cb720	27	false	
004cb740	FUN_004cb740	23	false	
004cb870	FUN_004cb870	267	false	
004cbae0	FUN_004cbae0	2074	false	
004cc530	FUN_004cc530	107	false	
004cc5a0	FUN_004cc5a0	101	false	
004cc670	FUN_004cc670	159	false	
004cc710	FUN_004cc710	82	false	
004cc7a0	FUN_004cc7a0	970	false	
004ccbe0	FUN_004ccbe0	2058	false	
004cd450	FUN_004cd450	7708	false	
004cf2d0	FUN_004cf2d0	98	false	
004cf340	FUN_004cf340	132	false	
004cf3d0	FUN_004cf3d0	879	false	
004cf740	FUN_004cf740	507	false	
004cf950	FUN_004cf950	429	false	
004cfb00	FUN_004cfb00	87	false	
004cfb80	FUN_004cfb80	49	false	
004cfc10	FUN_004cfc10	131	false	
004cfca0	FUN_004cfca0	104	false	
004cfd10	FUN_004cfd10	98	false	
004cfdd0	FUN_004cfdd0	287	false	
004cff00	FUN_004cff00	102	false	
004cff70	FUN_004cff70	146	false	
004d0030	FUN_004d0030	206	false	
004d0100	FUN_004d0100	173	false	
004d01b0	FUN_004d01b0	150	false	
004d0250	FUN_004d0250	470	false	
004d0430	FUN_004d0430	323	false	
004d0580	FUN_004d0580	136	false	
004d0610	FUN_004d0610	437	false	
004d07f0	FUN_004d07f0	4481	false	
004d1a10	FUN_004d1a10	170	false	
004d1ac0	FUN_004d1ac0	209	false	
004d1ba0	FUN_004d1ba0	728	false	
004d1ea0	FUN_004d1ea0	35	false	
004d1f00	FUN_004d1f00	108	false	
004d1f70	FUN_004d1f70	242	false	
004d2070	FUN_004d2070	47	false	
004d2110	FUN_004d2110	779	false	
004d2430	FUN_004d2430	673	false	
004d2700	FUN_004d2700	203	false	
004d27d0	FUN_004d27d0	604	false	
004d2a30	FUN_004d2a30	100	false	
004d2aa0	FUN_004d2aa0	55	false	
004d2b10	FUN_004d2b10	67	false	
004d2b60	FUN_004d2b60	104	false	
004d2bd0	FUN_004d2bd0	112	false	
004d2c40	FUN_004d2c40	95	false	
004d2ce0	FUN_004d2ce0	61	false	
004d2d20	FUN_004d2d20	150	false	
004d2dc0	FUN_004d2dc0	213	false	
004d2ea0	FUN_004d2ea0	119	false	
004d2f20	FUN_004d2f20	119	false	
004d2fb0	FUN_004d2fb0	284	false	
004d30d0	FUN_004d30d0	187	false	
004d31a0	FUN_004d31a0	102	false	
004d3210	FUN_004d3210	184	false	
004d32d0	FUN_004d32d0	89	false	
004d3330	FUN_004d3330	95	false	
004d3390	FUN_004d3390	456	false	
004d3560	FUN_004d3560	217	false	
004d3680	FUN_004d3680	278	false	
004d37a0	FUN_004d37a0	85	false	
004d3800	FUN_004d3800	65	false	
004d3850	FUN_004d3850	216	false	
004d3940	FUN_004d3940	209	false	
004d3a50	FUN_004d3a50	185	false	
004d3b10	FUN_004d3b10	199	false	
004d3c40	FUN_004d3c40	354	false	
004d3e40	FUN_004d3e40	133	false	
004d3ed0	FUN_004d3ed0	139	false	
004d3f60	FUN_004d3f60	230	false	
004d4050	FUN_004d4050	209	false	
004d4140	FUN_004d4140	233	false	
004d4230	FUN_004d4230	67	false	
004d4280	FUN_004d4280	97	false	
004d42f0	FUN_004d42f0	102	false	
004d43c0	FUN_004d43c0	351	false	
004d4520	FUN_004d4520	91	false	
004d4580	FUN_004d4580	145	false	
004d4620	FUN_004d4620	87	false	
004d4680	FUN_004d4680	22	false	
004d46a0	FUN_004d46a0	153	false	
004d4740	FUN_004d4740	343	false	
004d48b0	FUN_004d48b0	640	false	
004d4bb0	FUN_004d4bb0	466	false	
004d4e00	FUN_004d4e00	705	false	
004d5930	FUN_004d5930	806	false	
004d5cb0	FUN_004d5cb0	609	false	
004d5f90	FUN_004d5f90	508	false	
004d6190	FUN_004d6190	423	false	
004d6340	FUN_004d6340	253	false	
004d6460	FUN_004d6460	204	false	
004d6530	FUN_004d6530	167	false	
004d65e0	FUN_004d65e0	250	false	
004d66e0	FUN_004d66e0	131	false	
004d67e0	FUN_004d67e0	10	false	
004d67f0	FUN_004d67f0	71	false	
004d6840	FUN_004d6840	203	false	
004d6910	FUN_004d6910	186	false	
004d69d0	FUN_004d69d0	198	false	
004d6b10	FUN_004d6b10	292	false	
004d6c90	FUN_004d6c90	117	false	
004d6ee0	FUN_004d6ee0	57	false	
004d6f20	FUN_004d6f20	51	false	
004d6fd0	FUN_004d6fd0	336	false	
004d7120	FUN_004d7120	182	false	
004d71e0	FUN_004d71e0	52	false	
004d7250	FUN_004d7250	61	false	
004d7290	FUN_004d7290	61	false	
004d72d0	FUN_004d72d0	276	false	
004d7440	FUN_004d7440	99	false	
004d74b0	FUN_004d74b0	214	false	
004d75b0	FUN_004d75b0	142	false	
004d7640	FUN_004d7640	139	false	
004d76d0	FUN_004d76d0	836	false	
004d7a20	FUN_004d7a20	265	false	
004d7b30	FUN_004d7b30	84	false	
004d7b90	FUN_004d7b90	114	false	
004d7c10	FUN_004d7c10	82	false	
004d7c70	FUN_004d7c70	72	false	
004d7cc0	FUN_004d7cc0	136	false	
004d7d50	FUN_004d7d50	548	false	
004d7fd0	FUN_004d7fd0	60	false	
004d8010	FUN_004d8010	150	false	
004d80b0	FUN_004d80b0	624	false	
004d8330	FUN_004d8330	423	false	
004d84e0	FUN_004d84e0	557	false	
004d8710	FUN_004d8710	223	false	
004d87f0	FUN_004d87f0	196	false	
004d8900	FUN_004d8900	179	false	
004d89c0	FUN_004d89c0	252	false	
004d8ae0	FUN_004d8ae0	379	false	
004d8c60	FUN_004d8c60	777	false	
004d8f70	FUN_004d8f70	232	false	
004d9060	FUN_004d9060	296	false	
004d9190	FUN_004d9190	240	false	
004d9280	FUN_004d9280	920	false	
004d9620	FUN_004d9620	212	false	
004d9700	FUN_004d9700	121	false	
004d9780	FUN_004d9780	537	false	
004d99a0	FUN_004d99a0	135	false	
004d9a30	FUN_004d9a30	418	false	
004d9ce0	FUN_004d9ce0	296	false	
004d9e10	FUN_004d9e10	287	false	
004da000	FUN_004da000	86	false	
004da060	FUN_004da060	422	false	
004da240	FUN_004da240	17	false	
004da260	FUN_004da260	48	false	
004da290	FUN_004da290	54	false	
004da2d0	FUN_004da2d0	238	false	
004da3c0	FUN_004da3c0	802	false	
004da6f0	FUN_004da6f0	647	false	
004da980	FUN_004da980	629	false	
004dac00	FUN_004dac00	504	false	
004dae10	FUN_004dae10	416	false	
004dafc0	FUN_004dafc0	243	false	
004db0f0	FUN_004db0f0	181	false	
004db1d0	FUN_004db1d0	237	false	
004db350	FUN_004db350	116	false	
004db3d0	FUN_004db3d0	133	false	
004db460	FUN_004db460	97	false	
004db4d0	FUN_004db4d0	108	false	
004db540	FUN_004db540	173	false	
004db5f0	FUN_004db5f0	62	false	
004db650	FUN_004db650	379	false	
004db7e0	FUN_004db7e0	38	false	
004db850	FUN_004db850	39	false	
004db8b0	FUN_004db8b0	94	false	
004db910	FUN_004db910	118	false	
004db990	FUN_004db990	754	false	
004dbce0	FUN_004dbce0	312	false	
004dbe20	FUN_004dbe20	151	false	
004dbec0	FUN_004dbec0	60	false	
004dbf90	FUN_004dbf90	92	false	
004dbff0	FUN_004dbff0	879	false	
004dc3d0	FUN_004dc3d0	21	false	
004dc430	FUN_004dc430	94	false	
004dc490	FUN_004dc490	133	false	
004dc520	FUN_004dc520	291	false	
004dc650	FUN_004dc650	93	false	
004dc6b0	FUN_004dc6b0	121	false	
004dc730	FUN_004dc730	156	false	
004dc7d0	FUN_004dc7d0	97	false	
004dc860	FUN_004dc860	100	false	
004dc8d0	FUN_004dc8d0	615	false	
004dcb60	FUN_004dcb60	434	false	
004dcd20	FUN_004dcd20	171	false	
004dcdd0	FUN_004dcdd0	193	false	
004dcea0	FUN_004dcea0	340	false	
004dd000	FUN_004dd000	399	false	
004dd190	FUN_004dd190	1369	false	
004dd700	FUN_004dd700	239	false	
004dd800	FUN_004dd800	113	false	
004dd880	FUN_004dd880	927	false	
004ddc20	FUN_004ddc20	232	false	
004ddd10	FUN_004ddd10	73	false	
004ddd60	FUN_004ddd60	104	false	
004dddd0	FUN_004dddd0	60	false	
004dde30	FUN_004dde30	70	false	
004dde80	FUN_004dde80	53	false	
004ddec0	FUN_004ddec0	296	false	
004ddff0	FUN_004ddff0	218	false	
004de0d0	FUN_004de0d0	167	false	
004de180	FUN_004de180	224	false	
004de260	FUN_004de260	124	false	
004de2e0	FUN_004de2e0	102	false	
004de350	FUN_004de350	111	false	
004de3c0	FUN_004de3c0	134	false	
004de460	FUN_004de460	364	false	
004de5d0	FUN_004de5d0	211	false	
004de6b0	FUN_004de6b0	880	false	
004deb30	FUN_004deb30	704	false	
004dee70	FUN_004dee70	2020	false	
004df720	FUN_004df720	62	false	
004df7a0	FUN_004df7a0	121	false	
004df860	FUN_004df860	180	false	
004df940	FUN_004df940	32	false	
004df960	FUN_004df960	58	false	
004df9a0	FUN_004df9a0	197	false	
004dfa90	FUN_004dfa90	178	false	
004dfb50	FUN_004dfb50	238	false	
004dfc50	FUN_004dfc50	310	false	
004dfdb0	FUN_004dfdb0	191	false	
004dfe80	FUN_004dfe80	407	false	
004e0020	FUN_004e0020	158	false	
004e00c0	FUN_004e00c0	173	false	
004e01e0	FUN_004e01e0	96	false	
004e0240	FUN_004e0240	264	false	
004e0350	FUN_004e0350	107	false	
004e0450	FUN_004e0450	430	false	
004e0600	FUN_004e0600	288	false	
004e0740	FUN_004e0740	212	false	
004e0830	FUN_004e0830	492	false	
004e0a40	FUN_004e0a40	258	false	
004e0b60	FUN_004e0b60	138	false	
004e0bf0	FUN_004e0bf0	224	false	
004e0cf0	FUN_004e0cf0	103	false	
004e0d60	FUN_004e0d60	362	false	
004e0ee0	FUN_004e0ee0	56	false	
004e0f50	FUN_004e0f50	136	false	
004e1000	FUN_004e1000	125	false	
004e1080	FUN_004e1080	87	false	
004e10e0	FUN_004e10e0	42	false	
004e1110	FUN_004e1110	231	false	
004e1200	FUN_004e1200	122	false	
004e1280	FUN_004e1280	85	false	
004e12e0	FUN_004e12e0	103	false	
004e1370	FUN_004e1370	57	false	
004e13b0	FUN_004e13b0	114	false	
004e14a0	FUN_004e14a0	260	false	
004e15f0	FUN_004e15f0	413	false	
004e17a0	FUN_004e17a0	330	false	
004e18f0	FUN_004e18f0	95	false	
004e1950	FUN_004e1950	129	false	
004e19e0	FUN_004e19e0	116	false	
004e1a60	FUN_004e1a60	93	false	
004e1b00	FUN_004e1b00	80	false	
004e1b50	FUN_004e1b50	102	false	
004e1be0	FUN_004e1be0	200	false	
004e1cb0	FUN_004e1cb0	251	false	
004e1db0	FUN_004e1db0	334	false	
004e1f00	FUN_004e1f00	119	false	
004e1f80	FUN_004e1f80	524	false	
004e2190	FUN_004e2190	467	false	
004e2370	FUN_004e2370	104	false	
004e23e0	FUN_004e23e0	135	false	
004e24a0	FUN_004e24a0	122	false	
004e2520	FUN_004e2520	86	false	
004e2590	FUN_004e2590	253	false	
004e2690	FUN_004e2690	150	false	
004e2730	FUN_004e2730	174	false	
004e27f0	FUN_004e27f0	71	false	
004e2840	FUN_004e2840	555	false	
004e2a70	FUN_004e2a70	97	false	
004e2ae0	FUN_004e2ae0	65	false	
004e2b60	FUN_004e2b60	37	false	
004e2b90	FUN_004e2b90	74	false	
004e2be0	FUN_004e2be0	34	false	
004e2c10	FUN_004e2c10	94	false	
004e2cb0	FUN_004e2cb0	114	false	
004e2d50	FUN_004e2d50	107	false	
004e2e50	FUN_004e2e50	1087	false	
004e32f0	FUN_004e32f0	167	false	
004e33a0	FUN_004e33a0	65	false	
004e33f0	FUN_004e33f0	342	false	
004e3610	FUN_004e3610	120	false	
004e3690	FUN_004e3690	155	false	
004e3730	FUN_004e3730	258	false	
004e38f0	FUN_004e38f0	220	false	
004e39d0	FUN_004e39d0	196	false	
004e3aa0	FUN_004e3aa0	146	false	
004e3b40	FUN_004e3b40	114	false	
004e3bc0	FUN_004e3bc0	43	false	
004e3d60	FUN_004e3d60	187	false	
004e3e20	FUN_004e3e20	955	false	
004e41e0	FUN_004e41e0	190	false	
004e42a0	FUN_004e42a0	108	false	
004e43f0	FUN_004e43f0	92	false	
004e4450	FUN_004e4450	375	false	
004e45d0	FUN_004e45d0	138	false	
004e4660	FUN_004e4660	138	false	
004e4710	FUN_004e4710	198	false	
004e47e0	FUN_004e47e0	307	false	
004e4920	FUN_004e4920	297	false	
004e4a50	FUN_004e4a50	179	false	
004e4b10	FUN_004e4b10	497	false	
004e4d10	FUN_004e4d10	55	false	
004e4d60	FUN_004e4d60	837	false	
004e50b0	FUN_004e50b0	592	false	
004e5330	FUN_004e5330	76	false	
004e5410	FUN_004e5410	206	false	
004e5510	FUN_004e5510	65	false	
004e5560	FUN_004e5560	27	false	
004e5600	FUN_004e5600	91	false	
004e5660	FUN_004e5660	132	false	
004e56f0	FUN_004e56f0	250	false	
004e57f0	FUN_004e57f0	45	false	
004e5820	FUN_004e5820	31	false	
004e5840	FUN_004e5840	35	false	
004e5870	FUN_004e5870	31	false	
004e5930	FUN_004e5930	121	false	
004e59b0	FUN_004e59b0	19	false	
004e59d0	FUN_004e59d0	304	false	
004e5b10	FUN_004e5b10	152	false	
004e5bb0	FUN_004e5bb0	39	false	
004e5be0	FUN_004e5be0	30	false	
004e5c00	FUN_004e5c00	159	false	
004e5cc0	FUN_004e5cc0	37	false	
004e5d20	FUN_004e5d20	166	false	
004e5e10	FUN_004e5e10	57	false	
004e5e50	FUN_004e5e50	143	false	
004e5ee0	FUN_004e5ee0	123	false	
004e5f60	FUN_004e5f60	322	false	
004e60e0	FUN_004e60e0	93	false	
004e6140	FUN_004e6140	311	false	
004e6280	FUN_004e6280	70	false	
004e62d0	FUN_004e62d0	158	false	
004e6390	FUN_004e6390	249	false	
004e6490	FUN_004e6490	94	false	
004e64f0	FUN_004e64f0	104	false	
004e6580	FUN_004e6580	115	false	
004e6610	FUN_004e6610	67	false	
004e6660	FUN_004e6660	78	false	
004e66b0	FUN_004e66b0	274	false	
004e6850	FUN_004e6850	216	false	
004e6930	FUN_004e6930	220	false	
004e6a30	FUN_004e6a30	219	false	
004e6b10	FUN_004e6b10	200	false	
004e6bf0	FUN_004e6bf0	450	false	
004e6df0	FUN_004e6df0	187	false	
004e6ff0	FUN_004e6ff0	169	false	
004e70a0	FUN_004e70a0	266	false	
004e71e0	FUN_004e71e0	99	false	
004e7250	FUN_004e7250	594	false	
004e74b0	FUN_004e74b0	247	false	
004e75b0	FUN_004e75b0	119	false	
004e7630	FUN_004e7630	219	false	
004e7710	FUN_004e7710	103	false	
004e7780	FUN_004e7780	94	false	
004e77e0	FUN_004e77e0	120	false	
004e7860	FUN_004e7860	105	false	
004e78d0	FUN_004e78d0	195	false	
004e79a0	FUN_004e79a0	141	false	
004e7a30	FUN_004e7a30	146	false	
004e7b90	FUN_004e7b90	338	false	
004e7cf0	FUN_004e7cf0	403	false	
004e7ea0	FUN_004e7ea0	193	false	
004e7fd0	FUN_004e7fd0	246	false	
004e80d0	FUN_004e80d0	227	false	
004e81c0	FUN_004e81c0	200	false	
004e8300	FUN_004e8300	86	false	
004e8360	FUN_004e8360	174	false	
004e8410	FUN_004e8410	42	false	
004e8440	FUN_004e8440	496	false	
004e8760	FUN_004e8760	68	false	
004e87e0	FUN_004e87e0	62	false	
004e8860	FUN_004e8860	124	false	
004e88e0	FUN_004e88e0	195	false	
004e89b0	FUN_004e89b0	118	false	
004e8a30	FUN_004e8a30	148	false	
004e8ad0	FUN_004e8ad0	151	false	
004e8b70	FUN_004e8b70	85	false	
004e8bd0	FUN_004e8bd0	75	false	
004e8cb0	FUN_004e8cb0	31	false	
004e8cd0	FUN_004e8cd0	93	false	
004e8d30	FUN_004e8d30	77	false	
004e8dc0	FUN_004e8dc0	60	false	
004e8e40	FUN_004e8e40	31	false	
004e8e60	FUN_004e8e60	65	false	
004e8eb0	FUN_004e8eb0	50	false	
004e8f20	FUN_004e8f20	67	false	
004e8fb0	FUN_004e8fb0	102	false	
004e9020	FUN_004e9020	105	false	
004e91a0	FUN_004e91a0	150	false	
004e9240	FUN_004e9240	12	false	
004e9360	FUN_004e9360	96	false	
004e93e0	FUN_004e93e0	39	false	
004e9410	FUN_004e9410	41	false	
004e9580	FUN_004e9580	97	false	
004e95f0	FUN_004e95f0	83	false	
004e9650	FUN_004e9650	80	false	
004e96a0	FUN_004e96a0	55	false	
004e96e0	FUN_004e96e0	97	false	
004e9750	FUN_004e9750	96	false	
004e97b0	FUN_004e97b0	169	false	
004e9860	FUN_004e9860	245	false	
004e99e0	FUN_004e99e0	135	false	
004e9a70	FUN_004e9a70	877	false	
004e9de0	FUN_004e9de0	78	false	
004e9e50	FUN_004e9e50	485	false	
004ea040	FUN_004ea040	182	false	
004ea100	FUN_004ea100	517	false	
004ea310	FUN_004ea310	443	false	
004ea4d0	FUN_004ea4d0	1448	false	
004eaa80	FUN_004eaa80	1103	false	
004eaf00	FUN_004eaf00	484	false	
004eb0f0	FUN_004eb0f0	305	false	
004eb230	FUN_004eb230	281	false	
004eb350	FUN_004eb350	805	false	
004eb680	FUN_004eb680	449	false	
004eb850	FUN_004eb850	200	false	
004eb920	FUN_004eb920	290	false	
004eba50	FUN_004eba50	173	false	
004ebb90	FUN_004ebb90	141	false	
004ebc20	FUN_004ebc20	175	false	
004ebce0	FUN_004ebce0	96	false	
004ebd70	FUN_004ebd70	70	false	
004ebdc0	FUN_004ebdc0	87	false	
004ebe20	FUN_004ebe20	101	false	
004ebe90	FUN_004ebe90	77	false	
004ebf10	FUN_004ebf10	19	false	
004ebf40	FUN_004ebf40	21	false	
004ebfe0	FUN_004ebfe0	67	false	
004ec030	FUN_004ec030	4	false	
004ec040	FUN_004ec040	61	false	
004ec0a0	FUN_004ec0a0	76	false	
004ec100	FUN_004ec100	391	false	
004ec400	FUN_004ec400	214	false	
004ec4e0	FUN_004ec4e0	225	false	
004ec5d0	FUN_004ec5d0	492	false	
004ec7c0	FUN_004ec7c0	514	false	
004eca10	FUN_004eca10	40	false	
004eca60	FUN_004eca60	888	false	
004ecde0	FUN_004ecde0	98	false	
004ece50	FUN_004ece50	138	false	
004ecf70	FUN_004ecf70	40	false	
004ecfe0	FUN_004ecfe0	98	false	
004ed050	FUN_004ed050	189	false	
004ed190	FUN_004ed190	823	false	
004ed4d0	FUN_004ed4d0	265	false	
004ed5e0	FUN_004ed5e0	267	false	
004ed6f0	FUN_004ed6f0	1395	false	
004edc90	FUN_004edc90	376	false	
004ede10	FUN_004ede10	946	false	
004ee1d0	FUN_004ee1d0	201	false	
004ee2a0	FUN_004ee2a0	253	false	
004ee3a0	FUN_004ee3a0	108	false	
004ee420	FUN_004ee420	1544	false	
004eea30	FUN_004eea30	289	false	
004eeba0	FUN_004eeba0	296	false	
004eecf0	FUN_004eecf0	346	false	
004eee50	FUN_004eee50	62	false	
004eee90	FUN_004eee90	151	false	
004eef80	FUN_004eef80	79	false	
004eefd0	FUN_004eefd0	45	false	
004ef000	FUN_004ef000	412	false	
004ef1b0	FUN_004ef1b0	418	false	
004ef360	FUN_004ef360	72	false	
004ef3b0	FUN_004ef3b0	40	false	
004ef3e0	FUN_004ef3e0	15	false	
004ef3f0	FUN_004ef3f0	14	false	
004ef400	FUN_004ef400	254	false	
004ef520	FUN_004ef520	449	false	
004ef6f0	FUN_004ef6f0	312	false	
004ef830	FUN_004ef830	881	false	
004efbb0	FUN_004efbb0	197	false	
004efc90	FUN_004efc90	30	false	
004efcb0	FUN_004efcb0	77	false	
004efd00	FUN_004efd00	197	false	
004efdd0	FUN_004efdd0	162	false	
004efe80	FUN_004efe80	2125	false	
004f06d0	FUN_004f06d0	112	false	
004f0790	FUN_004f0790	71	false	
004f07e0	FUN_004f07e0	539	false	
004f0a00	FUN_004f0a00	351	false	
004f0b60	FUN_004f0b60	75	false	
004f0bb0	FUN_004f0bb0	40	false	
004f0be0	FUN_004f0be0	15	false	
004f0bf0	FUN_004f0bf0	14	false	
004f0c00	FUN_004f0c00	31	false	
004f0c20	FUN_004f0c20	192	false	
004f0ce0	FUN_004f0ce0	317	false	
004f0ee0	FUN_004f0ee0	76	false	
004f0f30	FUN_004f0f30	401	false	
004f10d0	FUN_004f10d0	587	false	
004f1320	FUN_004f1320	286	false	
004f1440	FUN_004f1440	181	false	
004f1500	FUN_004f1500	115	false	
004f1580	FUN_004f1580	388	false	
004f1720	FUN_004f1720	30	false	
004f1740	FUN_004f1740	77	false	
004f1790	FUN_004f1790	197	false	
004f1860	FUN_004f1860	162	false	
004f1910	FUN_004f1910	1680	false	
004f1fb0	FUN_004f1fb0	195	false	
004f2080	FUN_004f2080	1002	false	
004f2480	FUN_004f2480	2221	false	
004f2d30	FUN_004f2d30	29	false	
004f2d80	FUN_004f2d80	149	false	
004f2eb0	FUN_004f2eb0	273	false	
004f2fd0	FUN_004f2fd0	150	false	
004f3090	FUN_004f3090	75	false	
004f30f0	FUN_004f30f0	213	false	
004f35d0	FUN_004f35d0	686	false	
004f3880	FUN_004f3880	218	false	
004f3960	FUN_004f3960	490	false	
004f3b50	FUN_004f3b50	193	false	
004f3c20	FUN_004f3c20	397	false	
004f3db0	FUN_004f3db0	399	false	
004f3f40	FUN_004f3f40	397	false	
004f40d0	FUN_004f40d0	315	false	
004f4210	FUN_004f4210	302	false	
004f4340	FUN_004f4340	302	false	
004f44c0	FUN_004f44c0	263	false	
004f4dd0	FUN_004f4dd0	641	false	
004f53b0	FUN_004f53b0	323	false	
004f5500	FUN_004f5500	383	false	
004f5700	FUN_004f5700	321	false	
004f5850	FUN_004f5850	518	false	
004f5a60	FUN_004f5a60	461	false	
004f5c30	FUN_004f5c30	468	false	
004f5e10	FUN_004f5e10	1645	false	
004f64f0	FUN_004f64f0	999	false	
004f68e0	FUN_004f68e0	2776	false	
004f73c0	FUN_004f73c0	51	false	
004f7400	FUN_004f7400	312	false	
004f7540	FUN_004f7540	404	false	
004f76e0	FUN_004f76e0	103	false	
004f7750	FUN_004f7750	87	false	
004f7810	FUN_004f7810	364	false	
004f7980	FUN_004f7980	702	false	
004f7c40	FUN_004f7c40	523	false	
004f7e70	FUN_004f7e70	50	false	
004f7eb0	FUN_004f7eb0	52	false	
004f7ef0	FUN_004f7ef0	66	false	
004f8000	FUN_004f8000	76	false	
004f8050	FUN_004f8050	326	false	
004f81a0	FUN_004f81a0	60	false	
004f81e0	FUN_004f81e0	142	false	
004f8270	FUN_004f8270	83	false	
004f82d0	FUN_004f82d0	180	false	
004f8390	FUN_004f8390	74	false	
004f83e0	FUN_004f83e0	399	false	
004f8590	FUN_004f8590	400	false	
004f8740	FUN_004f8740	116	false	
004f87c0	FUN_004f87c0	117	false	
004f8840	FUN_004f8840	131	false	
004f8a80	FUN_004f8a80	520	false	
004f8c90	FUN_004f8c90	76	false	
004f8ce0	FUN_004f8ce0	329	false	
004f8e30	FUN_004f8e30	124	false	
004f90a0	FUN_004f90a0	235	false	
004f91c0	FUN_004f91c0	175	false	
004f9310	FUN_004f9310	361	false	
004f94b0	FUN_004f94b0	110	false	
004f9520	FUN_004f9520	300	false	
004f96c0	FUN_004f96c0	119	false	
004f9740	FUN_004f9740	421	false	
004f9b30	FUN_004f9b30	221	false	
004f9ef0	FUN_004f9ef0	55	false	
004f9f30	FUN_004f9f30	281	false	
004fa050	FUN_004fa050	154	false	
004fa0f0	FUN_004fa0f0	390	false	
004fa280	FUN_004fa280	110	false	
004fa2f0	FUN_004fa2f0	167	false	
004fa3a0	FUN_004fa3a0	137	false	
004fa430	FUN_004fa430	368	false	
004fa5c0	FUN_004fa5c0	304	false	
004fa6f0	FUN_004fa6f0	220	false	
004fa7d0	FUN_004fa7d0	293	false	
004fa900	FUN_004fa900	102	false	
004fa970	FUN_004fa970	160	false	
004faa10	FUN_004faa10	221	false	
004faaf0	FUN_004faaf0	504	false	
004facf0	FUN_004facf0	191	false	
004fadb0	FUN_004fadb0	216	false	
004fb110	FUN_004fb110	202	false	
004fb1e0	FUN_004fb1e0	236	false	
004fb2e0	FUN_004fb2e0	222	false	
004fb3c0	FUN_004fb3c0	309	false	
004fb500	FUN_004fb500	622	false	
004fb770	FUN_004fb770	30	false	
004fb790	FUN_004fb790	440	false	
004fb960	FUN_004fb960	157	false	
004fba00	FUN_004fba00	222	false	
004fbae0	FUN_004fbae0	221	false	
004fbbc0	FUN_004fbbc0	226	false	
004fbcb0	FUN_004fbcb0	383	false	
004fbe30	FUN_004fbe30	34	false	
004fbe60	FUN_004fbe60	387	false	
004fbff0	FUN_004fbff0	73	false	
004fc040	FUN_004fc040	254	false	
004fc140	FUN_004fc140	118	false	
004fc1c0	FUN_004fc1c0	91	false	
004fc220	FUN_004fc220	145	false	
004fc2c0	FUN_004fc2c0	44	false	
004fc2f0	FUN_004fc2f0	77	false	
004fc340	FUN_004fc340	97	false	
004fc3b0	FUN_004fc3b0	290	false	
004fc4e0	FUN_004fc4e0	290	false	
004fc610	FUN_004fc610	166	false	
004fc6c0	FUN_004fc6c0	288	false	
004fc7e0	FUN_004fc7e0	288	false	
004fc900	FUN_004fc900	288	false	
004fca70	FUN_004fca70	291	false	
004fcba0	FUN_004fcba0	287	false	
004fccc0	FUN_004fccc0	291	false	
004fcdf0	FUN_004fcdf0	291	false	
004fcf20	FUN_004fcf20	202	false	
004fcff0	FUN_004fcff0	275	false	
004fd110	FUN_004fd110	256	false	
004fd210	FUN_004fd210	870	false	
004fd580	FUN_004fd580	187	false	
004fd640	FUN_004fd640	214	false	
004fd720	FUN_004fd720	258	false	
004fd830	FUN_004fd830	112	false	
004fd8b0	FUN_004fd8b0	364	false	
004fda20	FUN_004fda20	93	false	
004fda80	FUN_004fda80	347	false	
004fdbe0	FUN_004fdbe0	1728	false	
004fe2b0	FUN_004fe2b0	63	false	
004fe300	FUN_004fe300	112	false	
004fe3a0	FUN_004fe3a0	241	false	
004fe4a0	FUN_004fe4a0	1061	false	
004fe8d0	FUN_004fe8d0	135	false	
004fe980	FUN_004fe980	468	false	
004feb70	FUN_004feb70	347	false	
004fee80	FUN_004fee80	291	false	
004fefb0	FUN_004fefb0	506	false	
004ff1b0	FUN_004ff1b0	500	false	
004ff640	FUN_004ff640	438	false	
004ff810	FUN_004ff810	26	false	
004ff830	FUN_004ff830	64	false	
004ff870	FUN_004ff870	197	false	
004ff940	FUN_004ff940	156	false	
004ff9e0	FUN_004ff9e0	287	false	
004ffb20	FUN_004ffb20	325	false	
004ffc70	FUN_004ffc70	325	false	
004ffdc0	FUN_004ffdc0	325	false	
004fff10	FUN_004fff10	66	false	
004fff60	FUN_004fff60	81	false	
004fffc0	FUN_004fffc0	49	false	
00500000	FUN_00500000	49	false	
00500040	FUN_00500040	65	false	
00500090	FUN_00500090	49	false	
005000d0	FUN_005000d0	49	false	
00500110	FUN_00500110	67	false	
00500160	FUN_00500160	45	false	
00500190	FUN_00500190	81	false	
005001f0	FUN_005001f0	67	false	
00500240	FUN_00500240	59	false	
00500280	FUN_00500280	59	false	
005002c0	FUN_005002c0	64	false	
00500300	FUN_00500300	47	false	
00500330	FUN_00500330	48	false	
00500360	FUN_00500360	48	false	
00500390	FUN_00500390	48	false	
005003c0	FUN_005003c0	47	false	
005003f0	FUN_005003f0	48	false	
00500420	FUN_00500420	45	false	
00500450	FUN_00500450	48	false	
00500480	FUN_00500480	45	false	
005004b0	FUN_005004b0	45	false	
005004e0	FUN_005004e0	67	false	
00500530	FUN_00500530	505	false	
005006a0	FUN_005006a0	84	false	
005006fd	FUN_005006fd	453	false	
005008c2	FUN_005008c2	40	false	
005008f0	FUN_005008f0	28	false	
00500926	FUN_00500926	117	false	
005009aa	FUN_005009aa	10	false	
005009d0	__setjmp3	123	false	
00500a4b	_JumpToContinuation	45	false	
00500a7d	FID_conflict:_CallMemberFunction1	7	false	
00500a84	_UnwindNestedFrames	84	false	
00500ad8	FID_conflict:___CxxFrameHandler3	54	false	
00500b0e	CatchGuardHandler	51	false	
00500b41	_CallSETranslator	215	false	
00500c18	TranslatorGuardHandler	154	false	
00500cb7	_GetRangeOfTrysToCheck	115	false	
00500d2a	__CreateFrameInfo	44	false	
00500d56	__IsExceptionObjectToBeDestroyed	39	false	
00500d7d	__FindAndUnlinkFrame	82	false	
00500dcf	_CallCatchBlock2	96	false	
00500e70	FUN_00500e70	79	false	
00500ec8	FUN_00500ec8	174	false	
00500fc0	FUN_00500fc0	79	false	
00501018	FUN_00501018	174	false	
005010e8	FUN_005010e8	10	false	
005010f2	FUN_005010f2	7	false	
005010f9	FUN_005010f9	7	false	
005011e0	FUN_005011e0	25	false	
005011f9	FUN_005011f9	2872	false	
00501f40	__trandisp1	103	false	
00501fa7	__trandisp2	140	false	
00502110	FUN_00502110	23	false	
00502127	__startOneArgErrorHandling	60	false	
00502170	FUN_00502170	21	false	
00502185	FUN_00502185	23	false	
0050219c	FUN_0050219c	25	false	
005021b5	__fload_withFB	67	false	
005021f8	FUN_005021f8	22	false	
0050220e	FUN_0050220e	13	false	
0050221b	__math_exit	42	false	
00502259	FUN_00502259	163	false	
005022fc	__d_inttype	106	false	
00502366	FUN_00502366	299	false	
005024a0	__cintrindisp2	62	false	
005024de	__cintrindisp1	61	false	
0050251b	__ctrandisp2	65	false	
0050255c	FUN_0050255c	7	false	
00502563	FUN_00502563	327	false	
005026aa	__ctrandisp1	51	false	
005026dd	__fload	60	false	
00502724	FUN_00502724	39	false	
0050274b	___TypeMatch	95	false	
005027aa	___FrameUnwindFilter	79	false	
005027f9	___FrameUnwindToState	162	false	
005028bb	FUN_005028bb	26	false	
0050291a	___DestructExceptionObject	67	false	
0050296f	___AdjustPointer	41	false	
00502998	FUN_00502998	118	false	
00502a0e	FUN_00502a0e	49	false	
00502a3f	Catch_All@00502a3f	23	false	
00502a57	CallCatchBlock	172	false	
00502b7d	FUN_00502b7d	118	false	
00502bf3	___BuildCatchObjectHelper	371	false	
00502d72	___BuildCatchObject	133	false	
00502e04	CatchIt	110	false	
00502e72	FindHandlerForForeignException	263	false	
00502f79	FindHandler	885	false	
005032ee	FUN_005032ee	29	false	
0050330b	___InternalCxxFrameHandler	230	false	
00503400	__CallSettingFrame@12	76	false	
00503450	FUN_00503450	24	false	
0050346e	FUN_0050346e	1334	false	
005039b0	FUN_005039b0	24	false	
005039ce	FUN_005039ce	1378	false	
0050402c	__87except	319	false	
0050416b	__EH_prolog3_catch	54	false	
005041a1	_ValidateRead	18	false	
005041ca	Unwind@005041ca	11	false	
005041df	Unwind@005041df	11	false	
005041f4	Unwind@005041f4	14	false	
00504202	Unwind@00504202	14	false	
00504224	Unwind@00504224	8	false	
00504236	Unwind@00504236	11	false	
00504241	Unwind@00504241	11	false	
0050424c	Unwind@0050424c	8	false	
0050425e	Unwind@0050425e	11	false	
00504273	Unwind@00504273	11	false	
00504288	Unwind@00504288	11	false	
00504293	Unwind@00504293	11	false	
0050429e	Unwind@0050429e	11	false	
005042b3	Unwind@005042b3	11	false	
005042d0	Unwind@005042d0	11	false	
005042db	Unwind@005042db	11	false	
00504300	Unwind@00504300	11	false	
0050430b	Unwind@0050430b	11	false	
00504320	Unwind@00504320	14	false	
00504340	Unwind@00504340	14	false	
00504360	Unwind@00504360	14	false	
00504380	Unwind@00504380	14	false	
005043a0	Unwind@005043a0	14	false	
005043c0	Unwind@005043c0	14	false	
005043e0	Unwind@005043e0	14	false	
00504400	Unwind@00504400	14	false	
00504420	Unwind@00504420	14	false	
00504440	Unwind@00504440	14	false	
00504460	Unwind@00504460	14	false	
00504480	Unwind@00504480	14	false	
005044a0	Unwind@005044a0	14	false	
005044c0	Unwind@005044c0	14	false	
005044e0	Unwind@005044e0	14	false	
00504500	Unwind@00504500	14	false	
00504520	Unwind@00504520	14	false	
00504540	Unwind@00504540	14	false	
00504560	Unwind@00504560	14	false	
00504580	Unwind@00504580	14	false	
005045a0	Unwind@005045a0	14	false	
005045c0	Unwind@005045c0	14	false	
005045e0	Unwind@005045e0	14	false	
00504600	Unwind@00504600	14	false	
00504620	Unwind@00504620	14	false	
00504640	Unwind@00504640	14	false	
00504660	Unwind@00504660	14	false	
00504680	Unwind@00504680	14	false	
005046a0	Unwind@005046a0	14	false	
005046c0	Unwind@005046c0	14	false	
005046e0	Unwind@005046e0	14	false	
00504700	Unwind@00504700	14	false	
00504720	Unwind@00504720	14	false	
00504740	Unwind@00504740	14	false	
00504760	Unwind@00504760	14	false	
00504780	Unwind@00504780	14	false	
005047a0	Unwind@005047a0	14	false	
005047c0	Unwind@005047c0	14	false	
005047e0	Unwind@005047e0	14	false	
00504800	Unwind@00504800	14	false	
00504820	Unwind@00504820	14	false	
00504840	Unwind@00504840	14	false	
00504860	Unwind@00504860	14	false	
00504880	Unwind@00504880	14	false	
005048a0	Unwind@005048a0	14	false	
005048c0	Unwind@005048c0	14	false	
005048e0	Unwind@005048e0	14	false	
00504900	Unwind@00504900	14	false	
00504920	Unwind@00504920	14	false	
00504940	Unwind@00504940	14	false	
00504960	Unwind@00504960	14	false	
00504980	Unwind@00504980	14	false	
005049a0	Unwind@005049a0	14	false	
005049c0	Unwind@005049c0	14	false	
005049e0	Unwind@005049e0	14	false	
00504a00	Unwind@00504a00	14	false	
00504a20	Unwind@00504a20	14	false	
00504a40	Unwind@00504a40	14	false	
00504a60	Unwind@00504a60	14	false	
00504a80	Unwind@00504a80	14	false	
00504aa0	Unwind@00504aa0	14	false	
00504ac0	Unwind@00504ac0	14	false	
00504ae0	Unwind@00504ae0	14	false	
00504b00	Unwind@00504b00	14	false	
00504b20	Unwind@00504b20	14	false	
00504b40	Unwind@00504b40	14	false	
00504b60	Unwind@00504b60	14	false	
00504b80	Unwind@00504b80	8	false	
00504ba0	Unwind@00504ba0	5	true	
00504bb0	Unwind@00504bb0	5	true	
00504bc0	Unwind@00504bc0	5	true	
00504bc5	Unwind@00504bc5	8	false	
00504be0	Unwind@00504be0	8	false	
00504be8	Unwind@00504be8	8	false	
00504bf0	Unwind@00504bf0	8	false	
00504c20	Unwind@00504c20	8	false	
00504c40	Unwind@00504c40	8	false	
00504c48	Unwind@00504c48	11	false	
00504c60	Unwind@00504c60	5	true	
00504c70	Unwind@00504c70	8	false	
00504ca0	FUN_00504ca0	17	false	
00504cc0	FUN_00504cc0	93	false	
00505400	FUN_00505400	93	false	
005054d0	FUN_005054d0	94	false	
